event,alert_id,time_utc,side,price,range_high,range_low,atr,outcome
FIRED,123024-UP,2026-02-20T00:41:00Z,BUY,5000.9,5001.62,4992.4,5.824285714285712,
RESOLVED,123024-UP,2026-02-20T00:46:00Z,BUY,5003.6,5001.62,4992.4,5.824285714285712,BREAKOUT_FOLLOWED
FIRED,123030-UP,2026-02-21T03:53:00Z,BUY,5114.71,5115.9,5113.6,5.114285714285805,
FIRED,123030-DN,2026-02-21T03:55:00Z,SELL,5114.3,5115.9,5113.6,5.114285714285805,
RESOLVED,123030-UP,2026-02-21T04:00:00Z,BUY,5115.3,5115.9,5113.6,5.114285714285805,NOT_FOLLOWED
RESOLVED,123030-DN,2026-02-21T04:00:00Z,SELL,5115.3,5115.9,5113.6,5.114285714285805,NOT_FOLLOWED
FIRED,123031-UP,2026-02-21T04:20:00Z,BUY,5116.8,5117.0,5115.2,3.2485714285714624,
RESOLVED,123031-UP,2026-02-21T04:25:00Z,BUY,5117.4,5117.0,5115.2,3.2485714285714624,BREAKOUT_FOLLOWED
FIRED,123036-DN,2026-02-22T00:34:00Z,SELL,5138.3,5140.0,5138.2,2.0235714285714232,
RESOLVED,123036-DN,2026-02-22T04:00:00Z,SELL,5121.6,5140.0,5138.2,2.0235714285714232,NOT_FOLLOWED
FIRED,123038-DN,2026-02-22T10:47:00Z,SELL,5131.7,5132.8,5131.6,1.9450000000000986,
RESOLVED,123038-DN,2026-02-22T12:00:00Z,SELL,5133.3,5132.8,5131.6,1.9450000000000986,NOT_FOLLOWED
FIRED,123039-DN,2026-02-22T12:55:00Z,SELL,5132.9,5134.3,5132.7,2.2435714285713533,
RESOLVED,123039-DN,2026-02-22T16:00:00Z,SELL,5156.1,5134.3,5132.7,2.2435714285713533,NOT_FOLLOWED
FIRED,123043-DN,2026-02-23T04:35:00Z,SELL,5173.3,5183.0,5171.1,11.992857142857117,
RESOLVED,123043-DN,2026-02-23T08:00:00Z,SELL,5149.5,5183.0,5171.1,11.992857142857117,NOT_FOLLOWED
FIRED,123044-UP,2026-02-23T08:21:00Z,BUY,5150.6,5152.3,5144.3,8.685000000000075,
RESOLVED,123044-UP,2026-02-23T08:55:00Z,BUY,5152.7,5152.3,5144.3,8.685000000000075,BREAKOUT_FOLLOWED
FIRED,123045-DN,2026-02-23T12:29:00Z,SELL,5161.1,5167.4,5160.7,7.876428571428538,
FIRED,123045-UP,2026-02-23T12:31:00Z,BUY,5164.5,5167.4,5160.7,7.876428571428538,
RESOLVED,123045-UP,2026-02-23T12:39:00Z,BUY,5170.4,5167.4,5160.7,7.876428571428538,BREAKOUT_FOLLOWED
RESOLVED,123045-DN,2026-02-23T16:00:00Z,SELL,5208.7,5167.4,5160.7,7.876428571428538,NOT_FOLLOWED
FIRED,123049-DN,2026-02-24T06:37:00Z,SELL,5181.49,5188.5,5179.0,15.004285714285613,
RESOLVED,123049-DN,2026-02-24T08:00:00Z,SELL,5195.4,5188.5,5179.0,15.004285714285613,NOT_FOLLOWED
FIRED,123054-DN,2026-02-25T00:27:00Z,SELL,5156.4,5165.1,5154.7,9.702142857142917,
FIRED,123054-UP,2026-02-25T00:31:00Z,BUY,5163.6,5165.1,5154.7,9.702142857142917,
RESOLVED,123054-UP,2026-02-25T00:38:00Z,BUY,5168.9,5165.1,5154.7,9.702142857142917,BREAKOUT_FOLLOWED
FIRED,123054-UP,2026-02-25T00:53:00Z,BUY,5164.0,5165.1,5154.7,9.702142857142917,
RESOLVED,123054-UP,2026-02-25T00:57:00Z,BUY,5168.8,5165.1,5154.7,9.702142857142917,BREAKOUT_FOLLOWED
RESOLVED,123054-DN,2026-02-25T04:00:00Z,SELL,5197.2,5165.1,5154.7,9.702142857142917,NOT_FOLLOWED
FIRED,123072-UP,2026-02-28T00:27:00Z,BUY,5287.4,5288.0,5282.4,6.43714285714285,
RESOLVED,123072-UP,2026-02-28T00:41:00Z,BUY,5288.9,5288.0,5282.4,6.43714285714285,BREAKOUT_FOLLOWED
FIRED,123079-UP,2026-03-01T04:30:00Z,BUY,5337.5,5343.3,5327.6,17.767857142857206,
RESOLVED,123079-UP,2026-03-01T04:36:00Z,BUY,5346.7,5343.3,5327.6,17.767857142857206,BREAKOUT_FOLLOWED
FIRED,123079-DN,2026-03-01T05:26:00Z,SELL,5330.7,5343.3,5327.6,17.767857142857206,
FIRED,123079-UP,2026-03-01T05:42:00Z,BUY,5339.9,5343.3,5327.6,17.767857142857206,
RESOLVED,123079-UP,2026-03-01T05:45:00Z,BUY,5343.37,5343.3,5327.6,17.767857142857206,BREAKOUT_FOLLOWED
RESOLVED,123079-DN,2026-03-01T08:00:00Z,SELL,5352.9,5343.3,5327.6,17.767857142857206,NOT_FOLLOWED
FIRED,123084-DN,2026-03-02T00:37:00Z,SELL,5403.4,5430.6,5402.4,17.91428571428566,
RESOLVED,123084-DN,2026-03-02T04:00:00Z,SELL,5405.7,5430.6,5402.4,17.91428571428566,NOT_FOLLOWED
FIRED,123085-DN,2026-03-02T04:32:00Z,SELL,5395.7,5407.2,5392.7,17.57999999999999,
FIRED,123085-UP,2026-03-02T06:06:00Z,BUY,5405.7,5407.2,5392.7,17.57999999999999,
RESOLVED,123085-UP,2026-03-02T06:07:00Z,BUY,5408.0,5407.2,5392.7,17.57999999999999,BREAKOUT_FOLLOWED
RESOLVED,123085-DN,2026-03-02T08:00:00Z,SELL,5442.7,5407.2,5392.7,17.57999999999999,NOT_FOLLOWED
FIRED,123087-UP,2026-03-02T12:23:00Z,BUY,5420.1,5423.9,5409.4,12.914285714285857,
FIRED,123087-DN,2026-03-02T12:56:00Z,SELL,5413.4,5423.9,5409.4,12.914285714285857,
RESOLVED,123087-UP,2026-03-02T13:04:00Z,BUY,5427.0,5423.9,5409.4,12.914285714285857,BREAKOUT_FOLLOWED
RESOLVED,123087-DN,2026-03-02T16:00:00Z,SELL,5302.0,5423.9,5409.4,12.914285714285857,NOT_FOLLOWED
FIRED,123096-UP,2026-03-04T00:28:00Z,BUY,5140.5,5141.6,5122.9,13.479999999999952,
RESOLVED,123096-UP,2026-03-04T04:00:00Z,BUY,5185.7,5141.6,5122.9,13.479999999999952,NOT_FOLLOWED
FIRED,123102-UP,2026-03-05T00:41:00Z,BUY,5181.7,5183.8,5172.0,7.728571428571221,
RESOLVED,123102-UP,2026-03-05T04:00:00Z,BUY,5186.7,5183.8,5172.0,7.728571428571221,NOT_FOLLOWED
FIRED,123103-DN,2026-03-05T04:18:00Z,SELL,5188.4,5192.4,5186.2,10.235714285714428,
FIRED,123103-UP,2026-03-05T04:23:00Z,BUY,5190.3,5192.4,5186.2,10.235714285714428,
RESOLVED,123103-DN,2026-03-05T04:26:00Z,SELL,5184.6,5192.4,5186.2,10.235714285714428,BREAKOUT_FOLLOWED
RESOLVED,123103-UP,2026-03-05T08:00:00Z,BUY,5169.1,5192.4,5186.2,10.235714285714428,NOT_FOLLOWED
FIRED,123109-DN,2026-03-06T04:18:00Z,SELL,5141.4,5143.5,5138.7,12.423571428571384,
RESOLVED,123109-DN,2026-03-06T04:26:00Z,SELL,5135.2,5143.5,5138.7,12.423571428571384,BREAKOUT_FOLLOWED
FIRED,123114-UP,2026-03-07T00:50:00Z,BUY,5183.8,5185.0,5178.7,6.012857142857229,
RESOLVED,123114-UP,2026-03-07T04:00:00Z,BUY,5172.1,5185.0,5178.7,6.012857142857229,NOT_FOLLOWED
FIRED,123120-DN,2026-03-08T01:07:00Z,SELL,5170.2,5171.6,5169.7,2.1464285714285842,
FIRED,123120-UP,2026-03-08T01:09:00Z,BUY,5171.1,5171.6,5169.7,2.1464285714285842,
RESOLVED,123120-UP,2026-03-08T04:00:00Z,BUY,5175.5,5171.6,5169.7,2.1464285714285842,NOT_FOLLOWED
RESOLVED,123120-DN,2026-03-08T04:00:00Z,SELL,5175.5,5171.6,5169.7,2.1464285714285842,NOT_FOLLOWED
FIRED,123121-UP,2026-03-08T05:22:00Z,BUY,5175.3,5175.5,5173.6,1.7121428571427455,
RESOLVED,123121-UP,2026-03-08T07:09:00Z,BUY,5177.3,5175.5,5173.6,1.7121428571427455,BREAKOUT_FOLLOWED
FIRED,123127-UP,2026-03-09T04:20:00Z,BUY,5100.5,5102.77,5094.9,19.314285714285752,
FIRED,123127-DN,2026-03-09T04:30:00Z,SELL,5096.3,5102.77,5094.9,19.314285714285752,
RESOLVED,123127-DN,2026-03-09T05:02:00Z,SELL,5091.8,5102.77,5094.9,19.314285714285752,BREAKOUT_FOLLOWED
FIRED,123127-DN,2026-03-09T05:19:00Z,SELL,5099.9,5102.77,5094.9,19.314285714285752,
RESOLVED,123127-UP,2026-03-09T08:00:00Z,BUY,5112.2,5102.77,5094.9,19.314285714285752,NOT_FOLLOWED
RESOLVED,123127-DN,2026-03-09T08:00:00Z,SELL,5112.2,5102.77,5094.9,19.314285714285752,NOT_FOLLOWED
FIRED,123128-UP,2026-03-09T09:09:00Z,BUY,5116.1,5118.9,5108.5,12.985714285714169,
RESOLVED,123128-UP,2026-03-09T12:00:00Z,BUY,5097.5,5118.9,5108.5,12.985714285714169,NOT_FOLLOWED
FIRED,123132-DN,2026-03-10T00:23:00Z,SELL,5134.1,5142.0,5133.86,9.167142857142933,
RESOLVED,123132-DN,2026-03-10T00:33:00Z,SELL,5129.6,5142.0,5133.86,9.167142857142933,BREAKOUT_FOLLOWED
FIRED,123132-DN,2026-03-10T00:49:00Z,SELL,5134.1,5142.0,5133.86,9.167142857142933,
RESOLVED,123132-DN,2026-03-10T00:54:00Z,SELL,5132.4,5142.0,5133.86,9.167142857142933,BREAKOUT_FOLLOWED
FIRED,123145-UP,2026-03-12T04:18:00Z,BUY,5149.1,5149.6,5146.0,7.942857142857065,
FIRED,123145-DN,2026-03-12T04:20:00Z,SELL,5147.3,5149.6,5146.0,7.942857142857065,
RESOLVED,123145-DN,2026-03-12T04:34:00Z,SELL,5142.9,5149.6,5146.0,7.942857142857065,BREAKOUT_FOLLOWED
FIRED,123145-DN,2026-03-12T05:54:00Z,SELL,5149.0,5149.6,5146.0,7.942857142857065,
RESOLVED,123145-DN,2026-03-12T06:20:00Z,SELL,5143.8,5149.6,5146.0,7.942857142857065,BREAKOUT_FOLLOWED
RESOLVED,123145-UP,2026-03-12T07:31:00Z,BUY,5169.1,5149.6,5146.0,7.942857142857065,BREAKOUT_FOLLOWED
FIRED,123150-UP,2026-03-13T00:22:00Z,BUY,5115.6,5116.71,5106.79,7.834285714285735,
RESOLVED,123150-UP,2026-03-13T04:00:00Z,BUY,5116.2,5116.71,5106.79,7.834285714285735,NOT_FOLLOWED
FIRED,123156-UP,2026-03-14T02:19:00Z,BUY,5028.8,5028.9,5026.7,4.412857142857255,
RESOLVED,123156-UP,2026-03-14T04:00:00Z,BUY,5033.2,5028.9,5026.7,4.412857142857255,NOT_FOLLOWED
FIRED,123157-DN,2026-03-14T04:18:00Z,SELL,5033.0,5034.4,5030.8,3.042857142857169,
FIRED,123157-UP,2026-03-14T06:36:00Z,BUY,5032.6,5034.4,5030.8,3.042857142857169,
RESOLVED,123157-DN,2026-03-14T07:23:00Z,SELL,5030.0,5034.4,5030.8,3.042857142857169,BREAKOUT_FOLLOWED
RESOLVED,123157-UP,2026-03-14T08:00:00Z,BUY,5029.5,5034.4,5030.8,3.042857142857169,NOT_FOLLOWED
FIRED,123158-DN,2026-03-14T09:57:00Z,SELL,5029.7,5032.0,5029.5,2.0642857142856883,
RESOLVED,123158-DN,2026-03-14T10:16:00Z,SELL,5028.6,5032.0,5029.5,2.0642857142856883,BREAKOUT_FOLLOWED
FIRED,123169-DN,2026-03-16T04:24:00Z,SELL,5010.4,5014.4,5008.1,12.7228571428572,
FIRED,123169-UP,2026-03-16T04:34:00Z,BUY,5012.5,5014.4,5008.1,12.7228571428572,
RESOLVED,123169-DN,2026-03-16T04:40:00Z,SELL,5007.8,5014.4,5008.1,12.7228571428572,BREAKOUT_FOLLOWED
FIRED,123169-DN,2026-03-16T06:47:00Z,SELL,5008.8,5014.4,5008.1,12.7228571428572,
RESOLVED,123169-DN,2026-03-16T06:48:00Z,SELL,5004.4,5014.4,5008.1,12.7228571428572,BREAKOUT_FOLLOWED
RESOLVED,123169-UP,2026-03-16T08:00:00Z,BUY,4991.5,5014.4,5008.1,12.7228571428572,NOT_FOLLOWED
FIRED,123174-DN,2026-03-17T00:25:00Z,SELL,4988.6,4999.1,4988.4,7.067857142857195,
RESOLVED,123174-DN,2026-03-17T00:34:00Z,SELL,4988.1,4999.1,4988.4,7.067857142857195,BREAKOUT_FOLLOWED
FIRED,123174-UP,2026-03-17T01:30:00Z,BUY,4998.0,4999.1,4988.4,7.067857142857195,
RESOLVED,123174-UP,2026-03-17T04:00:00Z,BUY,5010.0,4999.1,4988.4,7.067857142857195,NOT_FOLLOWED
FIRED,123175-UP,2026-03-17T05:50:00Z,BUY,5013.1,5015.7,5009.4,7.425714285714093,
FIRED,123175-DN,2026-03-17T05:54:00Z,SELL,5010.6,5015.7,5009.4,7.425714285714093,
RESOLVED,123175-DN,2026-03-17T06:00:00Z,SELL,5008.4,5015.7,5009.4,7.425714285714093,BREAKOUT_FOLLOWED
RESOLVED,123175-UP,2026-03-17T08:00:00Z,BUY,5011.1,5015.7,5009.4,7.425714285714093,NOT_FOLLOWED
FIRED,123181-DN,2026-03-18T04:22:00Z,SELL,4982.1,4983.5,4980.0,7.0242857142857895,
RESOLVED,123181-DN,2026-03-18T04:31:00Z,SELL,4979.6,4983.5,4980.0,7.0242857142857895,BREAKOUT_FOLLOWED
FIRED,123182-DN,2026-03-18T10:01:00Z,SELL,4980.6,4987.7,4979.1,6.784999999999984,
RESOLVED,123182-DN,2026-03-18T10:02:00Z,SELL,4978.6,4987.7,4979.1,6.784999999999984,BREAKOUT_FOLLOWED
FIRED,123186-UP,2026-03-19T00:31:00Z,BUY,4832.7,4835.7,4825.2,10.870714285714387,
FIRED,123186-DN,2026-03-19T01:05:00Z,SELL,4825.4,4835.7,4825.2,10.870714285714387,
RESOLVED,123186-UP,2026-03-19T04:00:00Z,BUY,4836.7,4835.7,4825.2,10.870714285714387,NOT_FOLLOWED
RESOLVED,123186-DN,2026-03-19T04:00:00Z,SELL,4836.7,4835.7,4825.2,10.870714285714387,NOT_FOLLOWED
FIRED,123187-DN,2026-03-19T04:31:00Z,SELL,4836.4,4839.2,4834.4,10.507142857142949,
FIRED,123187-UP,2026-03-19T04:34:00Z,BUY,4838.6,4839.2,4834.4,10.507142857142949,
RESOLVED,123187-DN,2026-03-19T05:30:00Z,SELL,4829.3,4839.2,4834.4,10.507142857142949,BREAKOUT_FOLLOWED
RESOLVED,123187-UP,2026-03-19T08:00:00Z,BUY,4720.1,4839.2,4834.4,10.507142857142949,NOT_FOLLOWED
FIRED,123192-DN,2026-03-20T00:23:00Z,SELL,4652.9,4669.3,4650.3,12.003571428571377,
RESOLVED,123192-DN,2026-03-20T04:00:00Z,SELL,4726.4,4669.3,4650.3,12.003571428571377,NOT_FOLLOWED
FIRED,123193-UP,2026-03-20T04:31:00Z,BUY,4726.9,4729.6,4717.0,17.37857142857144,
FIRED,123193-DN,2026-03-20T04:43:00Z,SELL,4718.65,4729.6,4717.0,17.37857142857144,
RESOLVED,123193-DN,2026-03-20T05:01:00Z,SELL,4716.2,4729.6,4717.0,17.37857142857144,BREAKOUT_FOLLOWED
RESOLVED,123193-UP,2026-03-20T08:00:00Z,BUY,4706.2,4729.6,4717.0,17.37857142857144,NOT_FOLLOWED
FIRED,123198-UP,2026-03-21T00:50:00Z,BUY,4513.3,4514.2,4509.3,6.354999999999953,
RESOLVED,123198-UP,2026-03-21T04:00:00Z,BUY,4514.4,4514.2,4509.3,6.354999999999953,NOT_FOLLOWED
FIRED,123200-DN,2026-03-21T10:58:00Z,SELL,4505.7,4507.4,4504.8,2.7214285714284676,
FIRED,123200-UP,2026-03-21T11:05:00Z,BUY,4507.3,4507.4,4504.8,2.7214285714284676,
RESOLVED,123200-DN,2026-03-21T11:59:00Z,SELL,4504.7,4507.4,4504.8,2.7214285714284676,BREAKOUT_FOLLOWED
RESOLVED,123200-UP,2026-03-21T12:00:00Z,BUY,4506.3,4507.4,4504.8,2.7214285714284676,NOT_FOLLOWED
FIRED,123205-DN,2026-03-22T04:19:00Z,SELL,4503.1,4506.7,4502.7,2.5214285714285842,
FIRED,123205-UP,2026-03-22T05:51:00Z,BUY,4506.2,4506.7,4502.7,2.5214285714285842,
RESOLVED,123205-UP,2026-03-22T08:00:00Z,BUY,4503.2,4506.7,4502.7,2.5214285714285842,NOT_FOLLOWED
RESOLVED,123205-DN,2026-03-22T08:00:00Z,SELL,4503.2,4506.7,4502.7,2.5214285714285842,NOT_FOLLOWED
FIRED,123208-DN,2026-03-22T16:28:00Z,SELL,4475.7,4477.1,4475.0,4.001428571428668,
FIRED,123208-UP,2026-03-22T16:32:00Z,BUY,4476.3,4477.1,4475.0,4.001428571428668,
RESOLVED,123208-UP,2026-03-22T20:00:00Z,BUY,4490.5,4477.1,4475.0,4.001428571428668,NOT_FOLLOWED
RESOLVED,123208-DN,2026-03-22T20:00:00Z,SELL,4490.5,4477.1,4475.0,4.001428571428668,NOT_FOLLOWED
FIRED,123211-UP,2026-03-23T04:18:00Z,BUY,4379.1,4381.9,4362.9,40.03000000000001,
FIRED,123211-DN,2026-03-23T04:54:00Z,SELL,4366.8,4381.9,4362.9,40.03000000000001,
RESOLVED,123211-DN,2026-03-23T05:31:00Z,SELL,4338.9,4381.9,4362.9,40.03000000000001,BREAKOUT_FOLLOWED
RESOLVED,123211-UP,2026-03-23T08:00:00Z,BUY,4245.4,4381.9,4362.9,40.03000000000001,NOT_FOLLOWED
FIRED,123222-DN,2026-03-25T00:18:00Z,SELL,4544.7,4557.4,4540.1,20.599999999999973,
RESOLVED,123222-DN,2026-03-25T04:00:00Z,SELL,4562.8,4557.4,4540.1,20.599999999999973,NOT_FOLLOWED
FIRED,123228-DN,2026-03-26T03:23:00Z,SELL,4503.4,4526.6,4501.5,14.453571428571454,
RESOLVED,123228-DN,2026-03-26T04:00:00Z,SELL,4516.8,4526.6,4501.5,14.453571428571454,NOT_FOLLOWED
FIRED,123229-DN,2026-03-26T05:07:00Z,SELL,4513.6,4517.8,4510.9,11.285714285714286,
RESOLVED,123229-DN,2026-03-26T05:17:00Z,SELL,4505.6,4517.8,4510.9,11.285714285714286,BREAKOUT_FOLLOWED
FIRED,123242-UP,2026-03-28T08:24:00Z,BUY,4502.4,4502.8,4500.5,3.2607142857143896,
RESOLVED,123242-UP,2026-03-28T09:19:00Z,BUY,4502.9,4502.8,4500.5,3.2607142857143896,BREAKOUT_FOLLOWED
FIRED,123242-DN,2026-03-28T09:56:00Z,SELL,4500.6,4502.8,4500.5,3.2607142857143896,
RESOLVED,123242-DN,2026-03-28T12:00:00Z,SELL,4500.6,4502.8,4500.5,3.2607142857143896,NOT_FOLLOWED
FIRED,123244-DN,2026-03-28T16:27:00Z,SELL,4499.1,4500.5,4498.3,2.8785714285715067,
RESOLVED,123244-DN,2026-03-28T20:00:00Z,SELL,4501.3,4500.5,4498.3,2.8785714285715067,NOT_FOLLOWED
FIRED,123247-DN,2026-03-29T04:58:00Z,SELL,4494.2,4494.9,4494.1,2.0328571428571456,
FIRED,123247-UP,2026-03-29T05:21:00Z,BUY,4494.5,4494.9,4494.1,2.0328571428571456,
RESOLVED,123247-UP,2026-03-29T08:00:00Z,BUY,4494.1,4494.9,4494.1,2.0328571428571456,NOT_FOLLOWED
RESOLVED,123247-DN,2026-03-29T08:00:00Z,SELL,4494.1,4494.9,4494.1,2.0328571428571456,NOT_FOLLOWED
FIRED,123253-DN,2026-03-30T04:20:00Z,SELL,4496.3,4505.8,4494.2,18.81071428571431,
FIRED,123253-UP,2026-03-30T04:25:00Z,BUY,4500.3,4505.8,4494.2,18.81071428571431,
RESOLVED,123253-UP,2026-03-30T05:01:00Z,BUY,4509.3,4505.8,4494.2,18.81071428571431,BREAKOUT_FOLLOWED
RESOLVED,123253-DN,2026-03-30T08:00:00Z,SELL,4532.7,4505.8,4494.2,18.81071428571431,NOT_FOLLOWED
FIRED,123258-UP,2026-03-31T00:40:00Z,BUY,4522.8,4524.2,4508.0,9.150714285714328,
RESOLVED,123258-UP,2026-03-31T00:44:00Z,BUY,4532.7,4524.2,4508.0,9.150714285714328,BREAKOUT_FOLLOWED
FIRED,123264-UP,2026-04-01T00:42:00Z,BUY,4693.2,4694.1,4684.1,11.550000000000116,
RESOLVED,123264-UP,2026-04-01T00:46:00Z,BUY,4695.7,4694.1,4684.1,11.550000000000116,BREAKOUT_FOLLOWED
FIRED,123264-DN,2026-04-01T01:07:00Z,SELL,4688.0,4694.1,4684.1,11.550000000000116,
FIRED,123264-UP,2026-04-01T01:09:00Z,BUY,4692.6,4694.1,4684.1,11.550000000000116,
RESOLVED,123264-UP,2026-04-01T01:10:00Z,BUY,4696.9,4694.1,4684.1,11.550000000000116,BREAKOUT_FOLLOWED
RESOLVED,123264-DN,2026-04-01T04:00:00Z,SELL,4669.9,4694.1,4684.1,11.550000000000116,NOT_FOLLOWED
FIRED,123270-UP,2026-04-02T00:34:00Z,BUY,4773.7,4775.6,4758.7,8.553571428571363,
RESOLVED,123270-UP,2026-04-02T00:40:00Z,BUY,4778.9,4775.6,4758.7,8.553571428571363,BREAKOUT_FOLLOWED
FIRED,123271-DN,2026-04-02T04:29:00Z,SELL,4655.9,4670.0,4655.1,24.625714285714302,
FIRED,123271-UP,2026-04-02T05:25:00Z,BUY,4666.2,4670.0,4655.1,24.625714285714302,
RESOLVED,123271-DN,2026-04-02T05:45:00Z,SELL,4618.1,4670.0,4655.1,24.625714285714302,BREAKOUT_FOLLOWED
RESOLVED,123271-UP,2026-04-02T08:00:00Z,BUY,4637.6,4670.0,4655.1,24.625714285714302,NOT_FOLLOWED
FIRED,123276-DN,2026-04-03T00:30:00Z,SELL,4665.3,4667.8,4664.9,3.6214285714287535,
RESOLVED,123276-DN,2026-04-03T04:00:00Z,SELL,4661.5,4667.8,4664.9,3.6214285714287535,NOT_FOLLOWED
FIRED,123277-UP,2026-04-03T06:58:00Z,BUY,4662.9,4663.3,4661.4,2.44285714285726,
RESOLVED,123277-UP,2026-04-03T08:00:00Z,BUY,4657.7,4663.3,4661.4,2.44285714285726,NOT_FOLLOWED
FIRED,123288-DN,2026-04-05T00:42:00Z,SELL,4646.8,4647.3,4646.5,0.7928571428571038,
RESOLVED,123288-DN,2026-04-05T04:00:00Z,SELL,4648.6,4647.3,4646.5,0.7928571428571038,NOT_FOLLOWED
FIRED,123294-DN,2026-04-06T00:26:00Z,SELL,4596.9,4611.1,4595.4,13.529285714285768,
RESOLVED,123294-DN,2026-04-06T00:27:00Z,SELL,4589.5,4611.1,4595.4,13.529285714285768,BREAKOUT_FOLLOWED
FIRED,123294-UP,2026-04-06T00:56:00Z,BUY,4608.3,4611.1,4595.4,13.529285714285768,
RESOLVED,123294-UP,2026-04-06T02:18:00Z,BUY,4640.0,4611.1,4595.4,13.529285714285768,BREAKOUT_FOLLOWED
FIRED,123295-DN,2026-04-06T04:21:00Z,SELL,4629.5,4635.0,4626.6,15.657142857142974,
FIRED,123295-UP,2026-04-06T04:29:00Z,BUY,4632.3,4635.0,4626.6,15.657142857142974,
RESOLVED,123295-UP,2026-04-06T04:50:00Z,BUY,4639.4,4635.0,4626.6,15.657142857142974,BREAKOUT_FOLLOWED
RESOLVED,123295-DN,2026-04-06T08:00:00Z,SELL,4670.7,4635.0,4626.6,15.657142857142974,NOT_FOLLOWED
FIRED,123300-UP,2026-04-07T00:39:00Z,BUY,4643.6,4643.9,4633.6,5.592857142857221,
RESOLVED,123300-UP,2026-04-07T01:04:00Z,BUY,4644.4,4643.9,4633.6,5.592857142857221,BREAKOUT_FOLLOWED
FIRED,123307-DN,2026-04-08T04:19:00Z,SELL,4771.1,4777.5,4770.9,12.164285714285727,
FIRED,123307-UP,2026-04-08T04:28:00Z,BUY,4775.8,4777.5,4770.9,12.164285714285727,
RESOLVED,123307-UP,2026-04-08T04:29:00Z,BUY,4778.6,4777.5,4770.9,12.164285714285727,BREAKOUT_FOLLOWED
RESOLVED,123307-DN,2026-04-08T08:00:00Z,SELL,4787.5,4777.5,4770.9,12.164285714285727,NOT_FOLLOWED
FIRED,123313-UP,2026-04-09T04:37:00Z,BUY,4704.3,4705.6,4695.7,10.478571428571286,
RESOLVED,123313-UP,2026-04-09T04:42:00Z,BUY,4706.7,4705.6,4695.7,10.478571428571286,BREAKOUT_FOLLOWED
FIRED,123313-UP,2026-04-09T05:17:00Z,BUY,4703.4,4705.6,4695.7,10.478571428571286,
RESOLVED,123313-UP,2026-04-09T05:21:00Z,BUY,4707.6,4705.6,4695.7,10.478571428571286,BREAKOUT_FOLLOWED
FIRED,123313-UP,2026-04-09T06:02:00Z,BUY,4703.8,4705.6,4695.7,10.478571428571286,
RESOLVED,123313-UP,2026-04-09T06:03:00Z,BUY,4707.1,4705.6,4695.7,10.478571428571286,BREAKOUT_FOLLOWED
FIRED,123319-UP,2026-04-10T05:36:00Z,BUY,4748.1,4749.0,4745.9,8.990714285714214,
RESOLVED,123319-UP,2026-04-10T05:37:00Z,BUY,4749.3,4749.0,4745.9,8.990714285714214,BREAKOUT_FOLLOWED
FIRED,123320-UP,2026-04-10T08:31:00Z,BUY,4732.5,4734.7,4728.1,6.642857142857208,
RESOLVED,123320-UP,2026-04-10T09:19:00Z,BUY,4740.2,4734.7,4728.1,6.642857142857208,BREAKOUT_FOLLOWED
FIRED,123324-UP,2026-04-11T00:23:00Z,BUY,4730.8,4731.0,4730.0,3.1192857142857195,
FIRED,123324-DN,2026-04-11T00:25:00Z,SELL,4730.5,4731.0,4730.0,3.1192857142857195,
RESOLVED,123324-UP,2026-04-11T04:00:00Z,BUY,4728.7,4731.0,4730.0,3.1192857142857195,NOT_FOLLOWED
RESOLVED,123324-DN,2026-04-11T04:00:00Z,SELL,4728.7,4731.0,4730.0,3.1192857142857195,NOT_FOLLOWED
FIRED,123325-UP,2026-04-11T04:38:00Z,BUY,4729.0,4729.1,4728.5,0.949999999999948,
RESOLVED,123325-UP,2026-04-11T05:36:00Z,BUY,4729.9,4729.1,4728.5,0.949999999999948,BREAKOUT_FOLLOWED
FIRED,123336-UP,2026-04-13T00:19:00Z,BUY,4654.1,4654.6,4646.7,12.375000000000066,
RESOLVED,123336-UP,2026-04-13T04:00:00Z,BUY,4695.2,4654.6,4646.7,12.375000000000066,NOT_FOLLOWED
FIRED,123337-DN,2026-04-13T04:22:00Z,SELL,4689.5,4696.7,4687.3,10.492857142857117,
FIRED,123337-UP,2026-04-13T04:42:00Z,BUY,4695.8,4696.7,4687.3,10.492857142857117,
RESOLVED,123337-UP,2026-04-13T07:01:00Z,BUY,4712.54,4696.7,4687.3,10.492857142857117,BREAKOUT_FOLLOWED
RESOLVED,123337-DN,2026-04-13T08:00:00Z,SELL,4717.3,4696.7,4687.3,10.492857142857117,NOT_FOLLOWED
FIRED,123348-DN,2026-04-15T00:55:00Z,SELL,4820.8,4828.2,4820.4,7.349999999999974,
RESOLVED,123348-DN,2026-04-15T04:00:00Z,SELL,4812.8,4828.2,4820.4,7.349999999999974,NOT_FOLLOWED
FIRED,123354-UP,2026-04-16T01:14:00Z,BUY,4816.3,4817.7,4809.2,6.0,
FIRED,123354-DN,2026-04-16T01:26:00Z,SELL,4810.1,4817.7,4809.2,6.0,
RESOLVED,123354-UP,2026-04-16T04:00:00Z,BUY,4810.1,4817.7,4809.2,6.0,NOT_FOLLOWED
RESOLVED,123354-DN,2026-04-16T04:00:00Z,SELL,4810.1,4817.7,4809.2,6.0,NOT_FOLLOWED
FIRED,123360-UP,2026-04-17T00:19:00Z,BUY,4772.2,4772.3,4766.8,5.004285714285937,
RESOLVED,123360-UP,2026-04-17T00:32:00Z,BUY,4777.5,4772.3,4766.8,5.004285714285937,BREAKOUT_FOLLOWED
FIRED,123366-DN,2026-04-18T03:15:00Z,SELL,4818.9,4822.9,4817.6,4.635714285714195,
RESOLVED,123366-DN,2026-04-18T04:00:00Z,SELL,4813.6,4822.9,4817.6,4.635714285714195,NOT_FOLLOWED
FIRED,123367-DN,2026-04-18T04:44:00Z,SELL,4813.0,4816.1,4812.9,2.1464285714285194,
RESOLVED,123367-DN,2026-04-18T08:00:00Z,SELL,4807.4,4816.1,4812.9,2.1464285714285194,NOT_FOLLOWED
FIRED,123379-DN,2026-04-20T04:20:00Z,SELL,4773.0,4775.2,4771.7,8.394999999999852,
FIRED,123379-UP,2026-04-20T04:25:00Z,BUY,4773.8,4775.2,4771.7,8.394999999999852,
RESOLVED,123379-DN,2026-04-20T04:32:00Z,SELL,4768.6,4775.2,4771.7,8.394999999999852,BREAKOUT_FOLLOWED
RESOLVED,123379-UP,2026-04-20T07:18:00Z,BUY,4785.4,4775.2,4771.7,8.394999999999852,BREAKOUT_FOLLOWED
FIRED,123385-UP,2026-04-21T05:38:00Z,BUY,4778.9,4780.0,4775.2,5.959285714285865,
FIRED,123385-DN,2026-04-21T05:49:00Z,SELL,4775.3,4780.0,4775.2,5.959285714285865,
RESOLVED,123385-DN,2026-04-21T05:50:00Z,SELL,4773.8,4780.0,4775.2,5.959285714285865,BREAKOUT_FOLLOWED
RESOLVED,123385-UP,2026-04-21T08:00:00Z,BUY,4770.9,4780.0,4775.2,5.959285714285865,NOT_FOLLOWED
FIRED,123390-UP,2026-04-22T00:19:00Z,BUY,4730.5,4733.0,4726.2,6.150714285714263,
FIRED,123390-DN,2026-04-22T00:25:00Z,SELL,4727.6,4733.0,4726.2,6.150714285714263,
RESOLVED,123390-DN,2026-04-22T00:54:00Z,SELL,4725.6,4733.0,4726.2,6.150714285714263,BREAKOUT_FOLLOWED
RESOLVED,123390-UP,2026-04-22T04:00:00Z,BUY,4743.3,4733.0,4726.2,6.150714285714263,NOT_FOLLOWED
FIRED,123397-UP,2026-04-23T04:22:00Z,BUY,4689.6,4690.0,4684.3,10.142142857142906,
FIRED,123397-DN,2026-04-23T04:38:00Z,SELL,4686.6,4690.0,4684.3,10.142142857142906,
RESOLVED,123397-DN,2026-04-23T04:46:00Z,SELL,4684.0,4690.0,4684.3,10.142142857142906,BREAKOUT_FOLLOWED
FIRED,123397-DN,2026-04-23T05:31:00Z,SELL,4685.4,4690.0,4684.3,10.142142857142906,
RESOLVED,123397-UP,2026-04-23T08:00:00Z,BUY,4708.1,4690.0,4684.3,10.142142857142906,NOT_FOLLOWED
RESOLVED,123397-DN,2026-04-23T08:00:00Z,SELL,4708.1,4690.0,4684.3,10.142142857142906,NOT_FOLLOWED
FIRED,123398-DN,2026-04-23T08:21:00Z,SELL,4703.9,4709.2,4702.4,7.485714285714299,
RESOLVED,123398-DN,2026-04-23T08:29:00Z,SELL,4700.0,4709.2,4702.4,7.485714285714299,BREAKOUT_FOLLOWED
FIRED,123402-UP,2026-04-24T00:19:00Z,BUY,4686.7,4687.5,4679.2,4.5314285714286076,
FIRED,123402-DN,2026-04-24T01:44:00Z,SELL,4679.5,4687.5,4679.2,4.5314285714286076,
RESOLVED,123402-DN,2026-04-24T02:12:00Z,SELL,4679.1,4687.5,4679.2,4.5314285714286076,BREAKOUT_FOLLOWED
RESOLVED,123402-UP,2026-04-24T04:00:00Z,BUY,4659.1,4687.5,4679.2,4.5314285714286076,NOT_FOLLOWED
FIRED,123420-UP,2026-04-27T00:29:00Z,BUY,4670.2,4670.7,4663.0,5.95142857142868,
RESOLVED,123420-UP,2026-04-27T02:48:00Z,BUY,4703.4,4670.7,4663.0,5.95142857142868,BREAKOUT_FOLLOWED
FIRED,123427-UP,2026-04-28T04:19:00Z,BUY,4658.1,4660.0,4655.8,6.064285714285688,
FIRED,123427-DN,2026-04-28T04:21:00Z,SELL,4656.6,4660.0,4655.8,6.064285714285688,
RESOLVED,123427-DN,2026-04-28T04:23:00Z,SELL,4655.4,4660.0,4655.8,6.064285714285688,BREAKOUT_FOLLOWED
RESOLVED,123427-UP,2026-04-28T08:00:00Z,BUY,4618.2,4660.0,4655.8,6.064285714285688,NOT_FOLLOWED
FIRED,123433-DN,2026-04-29T04:25:00Z,SELL,4588.6,4593.6,4586.3,8.914285714285727,
FIRED,123433-UP,2026-04-29T04:30:00Z,BUY,4592.9,4593.6,4586.3,8.914285714285727,
RESOLVED,123433-DN,2026-04-29T05:39:00Z,SELL,4586.2,4593.6,4586.3,8.914285714285727,BREAKOUT_FOLLOWED
RESOLVED,123433-UP,2026-04-29T08:00:00Z,BUY,4564.1,4593.6,4586.3,8.914285714285727,NOT_FOLLOWED
FIRED,123439-DN,2026-04-30T04:18:00Z,SELL,4543.8,4549.2,4543.6,7.475000000000039,
RESOLVED,123439-DN,2026-04-30T04:24:00Z,SELL,4542.3,4549.2,4543.6,7.475000000000039,BREAKOUT_FOLLOWED
FIRED,123439-UP,2026-04-30T05:23:00Z,BUY,4548.6,4549.2,4543.6,7.475000000000039,
RESOLVED,123439-UP,2026-04-30T08:00:00Z,BUY,4590.0,4549.2,4543.6,7.475000000000039,NOT_FOLLOWED
FIRED,123441-DN,2026-04-30T12:18:00Z,SELL,4623.5,4629.0,4620.9,8.896428571428649,
FIRED,123441-UP,2026-04-30T12:22:00Z,BUY,4626.0,4629.0,4620.9,8.896428571428649,
RESOLVED,123441-UP,2026-04-30T13:13:00Z,BUY,4629.6,4629.0,4620.9,8.896428571428649,BREAKOUT_FOLLOWED
RESOLVED,123441-DN,2026-04-30T13:47:00Z,SELL,4608.6,4629.0,4620.9,8.896428571428649,BREAKOUT_FOLLOWED
FIRED,123445-DN,2026-05-01T04:25:00Z,SELL,4610.0,4617.5,4608.9,5.871428571428494,
RESOLVED,123445-DN,2026-05-01T04:26:00Z,SELL,4608.69,4617.5,4608.9,5.871428571428494,BREAKOUT_FOLLOWED
FIRED,123450-UP,2026-05-02T00:26:00Z,BUY,4602.6,4602.7,4602.3,2.0214285714286495,
RESOLVED,123450-UP,2026-05-02T04:00:00Z,BUY,4603.0,4602.7,4602.3,2.0214285714286495,NOT_FOLLOWED
FIRED,123456-UP,2026-05-03T03:05:00Z,BUY,4595.8,4595.9,4595.2,1.1000000000001688,
RESOLVED,123456-UP,2026-05-03T04:00:00Z,BUY,4596.9,4595.9,4595.2,1.1000000000001688,NOT_FOLLOWED
FIRED,123461-DN,2026-05-03T20:35:00Z,SELL,4617.9,4619.1,4616.6,2.545000000000008,
RESOLVED,123461-DN,2026-05-04T00:00:00Z,SELL,4602.0,4619.1,4616.6,2.545000000000008,NOT_FOLLOWED
FIRED,123462-DN,2026-05-04T00:19:00Z,SELL,4599.1,4607.5,4596.9,8.35071428571421,
RESOLVED,123462-DN,2026-05-04T00:23:00Z,SELL,4595.1,4607.5,4596.9,8.35071428571421,BREAKOUT_FOLLOWED
FIRED,123462-DN,2026-05-04T00:38:00Z,SELL,4598.3,4607.5,4596.9,8.35071428571421,
RESOLVED,123462-DN,2026-05-04T01:03:00Z,SELL,4595.9,4607.5,4596.9,8.35071428571421,BREAKOUT_FOLLOWED
FIRED,123469-UP,2026-05-05T04:48:00Z,BUY,4527.9,4529.3,4525.6,6.0428571428571685,
FIRED,123469-DN,2026-05-05T04:56:00Z,SELL,4527.0,4529.3,4525.6,6.0428571428571685,
RESOLVED,123469-UP,2026-05-05T08:00:00Z,BUY,4539.6,4529.3,4525.6,6.0428571428571685,NOT_FOLLOWED
RESOLVED,123469-DN,2026-05-05T08:00:00Z,SELL,4539.6,4529.3,4525.6,6.0428571428571685,NOT_FOLLOWED
FIRED,123470-UP,2026-05-05T08:29:00Z,BUY,4544.3,4545.4,4538.3,8.117857142857181,
FIRED,123470-DN,2026-05-05T10:42:00Z,SELL,4539.9,4545.4,4538.3,8.117857142857181,
RESOLVED,123470-DN,2026-05-05T10:43:00Z,SELL,4538.0,4545.4,4538.3,8.117857142857181,BREAKOUT_FOLLOWED
RESOLVED,123470-UP,2026-05-05T12:00:00Z,BUY,4551.4,4545.4,4538.3,8.117857142857181,NOT_FOLLOWED
FIRED,123471-UP,2026-05-05T12:22:00Z,BUY,4556.5,4557.8,4546.0,7.257142857143013,
RESOLVED,123471-UP,2026-05-05T14:28:00Z,BUY,4575.4,4557.8,4546.0,7.257142857143013,BREAKOUT_FOLLOWED
FIRED,123474-UP,2026-05-06T00:19:00Z,BUY,4584.07,4585.49,4577.0,7.921428571428545,
RESOLVED,123474-UP,2026-05-06T00:24:00Z,BUY,4588.9,4585.49,4577.0,7.921428571428545,BREAKOUT_FOLLOWED
FIRED,123481-DN,2026-05-07T04:27:00Z,SELL,4682.5,4685.9,4681.5,8.87428571428583,
FIRED,123481-UP,2026-05-07T04:41:00Z,BUY,4683.9,4685.9,4681.5,8.87428571428583,
RESOLVED,123481-UP,2026-05-07T05:02:00Z,BUY,4686.7,4685.9,4681.5,8.87428571428583,BREAKOUT_FOLLOWED
RESOLVED,123481-DN,2026-05-07T08:00:00Z,SELL,4730.7,4685.9,4681.5,8.87428571428583,NOT_FOLLOWED
FIRED,123486-DN,2026-05-08T00:38:00Z,SELL,4693.3,4700.2,4693.0,8.964285714285909,
RESOLVED,123486-DN,2026-05-08T04:00:00Z,SELL,4710.6,4700.2,4693.0,8.964285714285909,NOT_FOLLOWED
FIRED,123499-UP,2026-05-10T04:29:00Z,BUY,4713.9,4714.0,4713.0,1.2449999999998909,
FIRED,123499-DN,2026-05-10T06:29:00Z,SELL,4713.2,4714.0,4713.0,1.2449999999998909,
RESOLVED,123499-UP,2026-05-10T08:00:00Z,BUY,4708.1,4714.0,4713.0,1.2449999999998909,NOT_FOLLOWED
RESOLVED,123499-DN,2026-05-10T08:00:00Z,SELL,4708.1,4714.0,4713.0,1.2449999999998909,NOT_FOLLOWED
FIRED,123500-DN,2026-05-10T08:19:00Z,SELL,4707.1,4708.3,4707.0,1.3785714285714417,
FIRED,123500-UP,2026-05-10T08:50:00Z,BUY,4708.0,4708.3,4707.0,1.3785714285714417,
RESOLVED,123500-UP,2026-05-10T08:52:00Z,BUY,4709.8,4708.3,4707.0,1.3785714285714417,BREAKOUT_FOLLOWED
RESOLVED,123500-DN,2026-05-10T12:00:00Z,SELL,4715.8,4708.3,4707.0,1.3785714285714417,NOT_FOLLOWED
FIRED,123510-DN,2026-05-12T00:24:00Z,SELL,4747.9,4757.3,4746.5,6.061428571428678,
RESOLVED,123510-DN,2026-05-12T04:00:00Z,SELL,4708.0,4757.3,4746.5,6.061428571428678,NOT_FOLLOWED
FIRED,123511-DN,2026-05-12T04:48:00Z,SELL,4708.0,4711.2,4707.5,8.757142857142819,
RESOLVED,123511-DN,2026-05-12T06:04:00Z,SELL,4696.0,4711.2,4707.5,8.757142857142819,BREAKOUT_FOLLOWED
FIRED,123517-DN,2026-05-13T05:30:00Z,SELL,4688.8,4692.3,4688.5,7.392857142857143,
FIRED,123517-UP,2026-05-13T05:52:00Z,BUY,4691.5,4692.3,4688.5,7.392857142857143,
RESOLVED,123517-UP,2026-05-13T06:00:00Z,BUY,4697.1,4692.3,4688.5,7.392857142857143,BREAKOUT_FOLLOWED
RESOLVED,123517-DN,2026-05-13T08:00:00Z,SELL,4695.5,4692.3,4688.5,7.392857142857143,NOT_FOLLOWED
FIRED,123534-DN,2026-05-16T01:28:00Z,SELL,4540.5,4541.3,4540.0,2.5285714285714027,
RESOLVED,123534-DN,2026-05-16T01:33:00Z,SELL,4539.6,4541.3,4540.0,2.5285714285714027,BREAKOUT_FOLLOWED
FIRED,123535-DN,2026-05-16T06:48:00Z,SELL,4539.6,4541.7,4539.16,1.2928571428571038,
RESOLVED,123535-DN,2026-05-16T07:09:00Z,SELL,4536.6,4541.7,4539.16,1.2928571428571038,BREAKOUT_FOLLOWED
FIRED,123548-DN,2026-05-18T09:03:00Z,SELL,4538.9,4544.5,4538.7,10.601428571428512,
RESOLVED,123548-DN,2026-05-18T09:04:00Z,SELL,4537.9,4544.5,4538.7,10.601428571428512,BREAKOUT_FOLLOWED
FIRED,123553-DN,2026-05-19T04:19:00Z,SELL,4541.6,4545.8,4540.3,9.221428571428598,
FIRED,123553-UP,2026-05-19T04:54:00Z,BUY,4544.0,4545.8,4540.3,9.221428571428598,
RESOLVED,123553-DN,2026-05-19T05:21:00Z,SELL,4538.7,4545.8,4540.3,9.221428571428598,BREAKOUT_FOLLOWED
RESOLVED,123553-UP,2026-05-19T08:00:00Z,BUY,4555.7,4545.8,4540.3,9.221428571428598,NOT_FOLLOWED
FIRED,123554-DN,2026-05-19T08:20:00Z,SELL,4546.6,4559.5,4544.7,8.94285714285739,
RESOLVED,123554-DN,2026-05-19T08:22:00Z,SELL,4544.5,4559.5,4544.7,8.94285714285739,BREAKOUT_FOLLOWED
FIRED,123564-DN,2026-05-21T00:22:00Z,SELL,4538.6,4545.5,4538.1,3.8142857142858184,
FIRED,123564-UP,2026-05-21T00:54:00Z,BUY,4544.8,4545.5,4538.1,3.8142857142858184,
RESOLVED,123564-UP,2026-05-21T01:09:00Z,BUY,4545.8,4545.5,4538.1,3.8142857142858184,BREAKOUT_FOLLOWED
RESOLVED,123564-DN,2026-05-21T04:00:00Z,SELL,4526.8,4545.5,4538.1,3.8142857142858184,NOT_FOLLOWED
FIRED,123570-DN,2026-05-22T00:20:00Z,SELL,4528.8,4531.8,4528.2,2.535714285714156,
FIRED,123570-UP,2026-05-22T00:22:00Z,BUY,4528.8,4531.8,4528.2,2.535714285714156,
RESOLVED,123570-UP,2026-05-22T00:30:00Z,BUY,4533.6,4531.8,4528.2,2.535714285714156,BREAKOUT_FOLLOWED
RESOLVED,123570-DN,2026-05-22T00:53:00Z,SELL,4524.9,4531.8,4528.2,2.535714285714156,BREAKOUT_FOLLOWED
FIRED,123576-UP,2026-05-23T00:51:00Z,BUY,4503.9,4504.3,4500.5,2.4621428571428106,
RESOLVED,123576-UP,2026-05-23T04:00:00Z,BUY,4511.2,4504.3,4500.5,2.4621428571428106,NOT_FOLLOWED
FIRED,123577-UP,2026-05-23T04:26:00Z,BUY,4512.9,4513.1,4511.0,2.063571428571452,
FIRED,123577-DN,2026-05-23T05:04:00Z,SELL,4511.4,4513.1,4511.0,2.063571428571452,
RESOLVED,123577-DN,2026-05-23T07:47:00Z,SELL,4507.1,4513.1,4511.0,2.063571428571452,BREAKOUT_FOLLOWED
RESOLVED,123577-UP,2026-05-23T08:00:00Z,BUY,4504.7,4513.1,4511.0,2.063571428571452,NOT_FOLLOWED
FIRED,123578-UP,2026-05-23T08:32:00Z,BUY,4504.3,4504.7,4500.6,2.3807142857142805,
RESOLVED,123578-UP,2026-05-23T12:00:00Z,BUY,4502.5,4504.7,4500.6,2.3807142857142805,NOT_FOLLOWED
FIRED,123582-UP,2026-05-24T00:27:00Z,BUY,4534.1,4534.3,4530.3,3.9049999999998755,
RESOLVED,123582-UP,2026-05-24T00:37:00Z,BUY,4536.8,4534.3,4530.3,3.9049999999998755,BREAKOUT_FOLLOWED
FIRED,123588-UP,2026-05-25T00:24:00Z,BUY,4569.4,4570.8,4562.4,7.339285714285714,
RESOLVED,123588-UP,2026-05-25T00:39:00Z,BUY,4570.9,4570.8,4562.4,7.339285714285714,BREAKOUT_FOLLOWED
FIRED,123588-DN,2026-05-25T00:59:00Z,SELL,4566.2,4570.8,4562.4,7.339285714285714,
FIRED,123588-UP,2026-05-25T01:29:00Z,BUY,4569.0,4570.8,4562.4,7.339285714285714,
RESOLVED,123588-UP,2026-05-25T04:00:00Z,BUY,4554.2,4570.8,4562.4,7.339285714285714,NOT_FOLLOWED
RESOLVED,123588-DN,2026-05-25T04:00:00Z,SELL,4554.2,4570.8,4562.4,7.339285714285714,NOT_FOLLOWED
FIRED,123589-UP,2026-05-25T04:18:00Z,BUY,4555.2,4556.0,4554.1,7.471428571428597,
RESOLVED,123589-UP,2026-05-25T04:21:00Z,BUY,4557.2,4556.0,4554.1,7.471428571428597,BREAKOUT_FOLLOWED
FIRED,123589-UP,2026-05-25T05:36:00Z,BUY,4555.39,4556.0,4554.1,7.471428571428597,
FIRED,123589-DN,2026-05-25T05:39:00Z,SELL,4555.2,4556.0,4554.1,7.471428571428597,
RESOLVED,123589-UP,2026-05-25T06:57:00Z,BUY,4556.1,4556.0,4554.1,7.471428571428597,BREAKOUT_FOLLOWED
RESOLVED,123589-DN,2026-05-25T08:00:00Z,SELL,4558.2,4556.0,4554.1,7.471428571428597,NOT_FOLLOWED
FIRED,123595-DN,2026-05-26T04:23:00Z,SELL,4534.2,4539.8,4534.0,6.050000000000052,
RESOLVED,123595-DN,2026-05-26T04:24:00Z,SELL,4533.1,4539.8,4534.0,6.050000000000052,BREAKOUT_FOLLOWED
FIRED,123600-DN,2026-05-27T00:51:00Z,SELL,4521.9,4528.5,4521.3,5.087857142857047,
RESOLVED,123600-DN,2026-05-27T01:05:00Z,SELL,4518.5,4528.5,4521.3,5.087857142857047,BREAKOUT_FOLLOWED
FIRED,123600-DN,2026-05-27T01:17:00Z,SELL,4522.3,4528.5,4521.3,5.087857142857047,
RESOLVED,123600-DN,2026-05-27T01:18:00Z,SELL,4521.2,4528.5,4521.3,5.087857142857047,BREAKOUT_FOLLOWED
FIRED,123606-DN,2026-05-28T00:25:00Z,SELL,4444.9,4451.1,4443.3,4.523571428571358,
FIRED,123606-UP,2026-05-28T00:38:00Z,BUY,4449.6,4451.1,4443.3,4.523571428571358,
RESOLVED,123606-DN,2026-05-28T01:13:00Z,SELL,4439.5,4451.1,4443.3,4.523571428571358,BREAKOUT_FOLLOWED
RESOLVED,123606-UP,2026-05-28T04:00:00Z,BUY,4377.7,4451.1,4443.3,4.523571428571358,NOT_FOLLOWED
FIRED,123612-UP,2026-05-29T00:25:00Z,BUY,4487.3,4487.4,4482.0,3.4714285714285973,
RESOLVED,123612-UP,2026-05-29T00:26:00Z,BUY,4488.7,4487.4,4482.0,3.4714285714285973,BREAKOUT_FOLLOWED
FIRED,123612-UP,2026-05-29T00:45:00Z,BUY,4485.1,4487.4,4482.0,3.4714285714285973,
FIRED,123612-DN,2026-05-29T00:47:00Z,SELL,4482.3,4487.4,4482.0,3.4714285714285973,
RESOLVED,123612-UP,2026-05-29T01:08:00Z,BUY,4493.2,4487.4,4482.0,3.4714285714285973,BREAKOUT_FOLLOWED
RESOLVED,123612-DN,2026-05-29T04:00:00Z,SELL,4492.7,4487.4,4482.0,3.4714285714285973,NOT_FOLLOWED
FIRED,123618-DN,2026-05-30T01:37:00Z,SELL,4531.9,4532.6,4530.0,3.1328571428571195,
RESOLVED,123618-DN,2026-05-30T04:00:00Z,SELL,4528.2,4532.6,4530.0,3.1328571428571195,NOT_FOLLOWED
FIRED,123620-UP,2026-05-30T08:33:00Z,BUY,4526.2,4526.3,4523.1,2.3999999999997663,
RESOLVED,123620-UP,2026-05-30T09:18:00Z,BUY,4527.6,4526.3,4523.1,2.3999999999997663,BREAKOUT_FOLLOWED
FIRED,123624-UP,2026-05-31T02:21:00Z,BUY,4518.3,4519.4,4518.6,1.3892857142858313,
FIRED,123624-DN,2026-05-31T02:36:00Z,SELL,4518.7,4519.4,4518.6,1.3892857142858313,
RESOLVED,123624-UP,2026-05-31T02:58:00Z,BUY,4519.7,4519.4,4518.6,1.3892857142858313,BREAKOUT_FOLLOWED
RESOLVED,123624-DN,2026-05-31T04:00:00Z,SELL,4519.0,4519.4,4518.6,1.3892857142858313,NOT_FOLLOWED
FIRED,123642-UP,2026-06-03T00:19:00Z,BUY,4470.0,4470.4,4465.5,5.329999999999927,
FIRED,123642-DN,2026-06-03T01:02:00Z,SELL,4468.2,4470.4,4465.5,5.329999999999927,
RESOLVED,123642-DN,2026-06-03T01:06:00Z,SELL,4462.9,4470.4,4465.5,5.329999999999927,BREAKOUT_FOLLOWED
FIRED,123642-DN,2026-06-03T01:13:00Z,SELL,4465.6,4470.4,4465.5,5.329999999999927,
RESOLVED,123642-DN,2026-06-03T01:16:00Z,SELL,4464.9,4470.4,4465.5,5.329999999999927,BREAKOUT_FOLLOWED
RESOLVED,123642-UP,2026-06-03T04:00:00Z,BUY,4473.6,4470.4,4465.5,5.329999999999927,NOT_FOLLOWED
FIRED,123648-DN,2026-06-04T00:20:00Z,SELL,4445.9,4455.5,4444.5,7.328571428571455,
RESOLVED,123648-DN,2026-06-04T00:21:00Z,SELL,4443.7,4455.5,4444.5,7.328571428571455,BREAKOUT_FOLLOWED
FIRED,123648-UP,2026-06-04T01:13:00Z,BUY,4454.9,4455.5,4444.5,7.328571428571455,
RESOLVED,123648-UP,2026-06-04T04:00:00Z,BUY,4461.7,4455.5,4444.5,7.328571428571455,NOT_FOLLOWED
FIRED,123649-UP,2026-06-04T05:30:00Z,BUY,4466.0,4467.1,4458.5,9.996428571428558,
FIRED,123649-DN,2026-06-04T06:48:00Z,SELL,4462.3,4467.1,4458.5,9.996428571428558,
RESOLVED,123649-DN,2026-06-04T07:27:00Z,SELL,4457.0,4467.1,4458.5,9.996428571428558,BREAKOUT_FOLLOWED
RESOLVED,123649-UP,2026-06-04T08:00:00Z,BUY,4454.8,4467.1,4458.5,9.996428571428558,NOT_FOLLOWED
FIRED,123655-UP,2026-06-05T04:18:00Z,BUY,4431.5,4432.8,4428.7,8.800714285714289,
FIRED,123655-DN,2026-06-05T04:20:00Z,SELL,4430.4,4432.8,4428.7,8.800714285714289,
RESOLVED,123655-DN,2026-06-05T06:03:00Z,SELL,4426.6,4432.8,4428.7,8.800714285714289,BREAKOUT_FOLLOWED
RESOLVED,123655-UP,2026-06-05T08:00:00Z,BUY,4451.5,4432.8,4428.7,8.800714285714289,NOT_FOLLOWED
FIRED,123656-UP,2026-06-05T08:23:00Z,BUY,4453.6,4454.3,4448.6,7.948571428571411,
FIRED,123656-DN,2026-06-05T09:12:00Z,SELL,4449.1,4454.3,4448.6,7.948571428571411,
RESOLVED,123656-UP,2026-06-05T12:00:00Z,BUY,4457.9,4454.3,4448.6,7.948571428571411,NOT_FOLLOWED
RESOLVED,123656-DN,2026-06-05T12:00:00Z,SELL,4457.9,4454.3,4448.6,7.948571428571411,NOT_FOLLOWED
FIRED,123657-UP,2026-06-05T12:20:00Z,BUY,4459.4,4461.6,4452.8,5.2285714285713505,
FIRED,123657-DN,2026-06-05T12:27:00Z,SELL,4454.8,4461.6,4452.8,5.2285714285713505,
RESOLVED,123657-DN,2026-06-05T12:32:00Z,SELL,4441.3,4461.6,4452.8,5.2285714285713505,BREAKOUT_FOLLOWED
RESOLVED,123657-UP,2026-06-05T16:00:00Z,BUY,4327.4,4461.6,4452.8,5.2285714285713505,NOT_FOLLOWED
FIRED,123660-UP,2026-06-06T01:29:00Z,BUY,4323.8,4324.6,4317.9,3.5571428571428703,
FIRED,123660-DN,2026-06-06T01:47:00Z,SELL,4319.4,4324.6,4317.9,3.5571428571428703,
RESOLVED,123660-DN,2026-06-06T02:07:00Z,SELL,4316.2,4324.6,4317.9,3.5571428571428703,BREAKOUT_FOLLOWED
RESOLVED,123660-UP,2026-06-06T04:00:00Z,BUY,4311.7,4324.6,4317.9,3.5571428571428703,NOT_FOLLOWED
FIRED,123661-DN,2026-06-06T04:20:00Z,SELL,4307.2,4312.7,4306.4,3.7428571428573116,
RESOLVED,123661-DN,2026-06-06T04:32:00Z,SELL,4304.6,4312.7,4306.4,3.7428571428573116,BREAKOUT_FOLLOWED
FIRED,123666-DN,2026-06-07T00:44:00Z,SELL,4295.3,4297.9,4295.1,2.014285714285831,
FIRED,123666-UP,2026-06-07T01:05:00Z,BUY,4297.4,4297.9,4295.1,2.014285714285831,
RESOLVED,123666-UP,2026-06-07T04:00:00Z,BUY,4304.4,4297.9,4295.1,2.014285714285831,NOT_FOLLOWED
RESOLVED,123666-DN,2026-06-07T04:00:00Z,SELL,4304.4,4297.9,4295.1,2.014285714285831,NOT_FOLLOWED
FIRED,123672-UP,2026-06-08T00:44:00Z,BUY,4334.6,4335.5,4330.4,9.05714285714287,
FIRED,123672-DN,2026-06-08T00:52:00Z,SELL,4332.14,4335.5,4330.4,9.05714285714287,
RESOLVED,123672-DN,2026-06-08T01:06:00Z,SELL,4322.36,4335.5,4330.4,9.05714285714287,BREAKOUT_FOLLOWED
RESOLVED,123672-UP,2026-06-08T04:00:00Z,BUY,4309.8,4335.5,4330.4,9.05714285714287,NOT_FOLLOWED
FIRED,123678-DN,2026-06-09T00:54:00Z,SELL,4304.3,4312.1,4304.0,4.307142857142805,
FIRED,123678-UP,2026-06-09T01:18:00Z,BUY,4311.9,4312.1,4304.0,4.307142857142805,
RESOLVED,123678-UP,2026-06-09T04:00:00Z,BUY,4323.3,4312.1,4304.0,4.307142857142805,NOT_FOLLOWED
RESOLVED,123678-DN,2026-06-09T04:00:00Z,SELL,4323.3,4312.1,4304.0,4.307142857142805,NOT_FOLLOWED
FIRED,123684-UP,2026-06-10T00:20:00Z,BUY,4218.7,4219.9,4210.8,6.324285714285777,
RESOLVED,123684-UP,2026-06-10T04:00:00Z,BUY,4181.4,4219.9,4210.8,6.324285714285777,NOT_FOLLOWED
FIRED,123691-DN,2026-06-11T04:36:00Z,SELL,4079.5,4087.0,4075.29,16.492857142857183,
FIRED,123691-UP,2026-06-11T04:44:00Z,BUY,4085.5,4087.0,4075.29,16.492857142857183,
RESOLVED,123691-UP,2026-06-11T08:00:00Z,BUY,4110.4,4087.0,4075.29,16.492857142857183,NOT_FOLLOWED
RESOLVED,123691-DN,2026-06-11T08:00:00Z,SELL,4110.4,4087.0,4075.29,16.492857142857183,NOT_FOLLOWED
FIRED,123692-DN,2026-06-11T08:18:00Z,SELL,4105.3,4113.8,4104.6,10.632142857142753,
RESOLVED,123692-DN,2026-06-11T08:22:00Z,SELL,4101.4,4113.8,4104.6,10.632142857142753,BREAKOUT_FOLLOWED
FIRED,123696-UP,2026-06-12T00:24:00Z,BUY,4215.3,4217.2,4204.7,9.599999999999909,
RESOLVED,123696-UP,2026-06-12T00:26:00Z,BUY,4219.4,4217.2,4204.7,9.599999999999909,BREAKOUT_FOLLOWED
FIRED,123702-UP,2026-06-13T01:54:00Z,BUY,4208.3,4208.6,4206.9,2.638571428571335,
RESOLVED,123702-UP,2026-06-13T01:59:00Z,BUY,4209.1,4208.6,4206.9,2.638571428571335,BREAKOUT_FOLLOWED
FIRED,123703-UP,2026-06-13T04:24:00Z,BUY,4207.7,4207.8,4206.3,1.8785714285713766,
RESOLVED,123703-UP,2026-06-13T04:33:00Z,BUY,4208.8,4207.8,4206.3,1.8785714285713766,BREAKOUT_FOLLOWED
FIRED,123708-DN,2026-06-14T02:03:00Z,SELL,4219.2,4219.5,4218.1,1.9392857142856883,
RESOLVED,123708-DN,2026-06-14T04:00:00Z,SELL,4220.9,4219.5,4218.1,1.9392857142856883,NOT_FOLLOWED
FIRED,123714-DN,2026-06-15T01:01:00Z,SELL,4285.1,4292.8,4284.7,12.279285714285704,
RESOLVED,123714-DN,2026-06-15T04:00:00Z,SELL,4315.3,4292.8,4284.7,12.279285714285704,NOT_FOLLOWED
FIRED,123720-UP,2026-06-16T00:57:00Z,BUY,4305.7,4306.0,4302.4,3.867857142857182,
RESOLVED,123720-UP,2026-06-16T01:02:00Z,BUY,4311.3,4306.0,4302.4,3.867857142857182,BREAKOUT_FOLLOWED
FIRED,123720-DN,2026-06-16T01:37:00Z,SELL,4305.7,4306.0,4302.4,3.867857142857182,
RESOLVED,123720-DN,2026-06-16T04:00:00Z,SELL,4320.4,4306.0,4302.4,3.867857142857182,NOT_FOLLOWED
FIRED,123727-DN,2026-06-17T04:24:00Z,SELL,4317.2,4319.9,4316.1,5.977142857143008,
FIRED,123727-UP,2026-06-17T05:48:00Z,BUY,4319.2,4319.9,4316.1,5.977142857143008,
RESOLVED,123727-UP,2026-06-17T08:00:00Z,BUY,4311.6,4319.9,4316.1,5.977142857143008,NOT_FOLLOWED
RESOLVED,123727-DN,2026-06-17T08:00:00Z,SELL,4311.6,4319.9,4316.1,5.977142857143008,NOT_FOLLOWED
FIRED,123728-DN,2026-06-17T09:04:00Z,SELL,4311.1,4314.3,4309.9,6.042857142857299,
FIRED,123728-UP,2026-06-17T09:14:00Z,BUY,4312.7,4314.3,4309.9,6.042857142857299,
RESOLVED,123728-UP,2026-06-17T09:19:00Z,BUY,4314.9,4314.3,4309.9,6.042857142857299,BREAKOUT_FOLLOWED
RESOLVED,123728-DN,2026-06-17T12:00:00Z,SELL,4310.7,4314.3,4309.9,6.042857142857299,NOT_FOLLOWED
FIRED,123733-DN,2026-06-18T04:19:00Z,SELL,4303.6,4312.2,4302.5,8.507142857142949,
FIRED,123733-UP,2026-06-18T05:33:00Z,BUY,4310.0,4312.2,4302.5,8.507142857142949,
RESOLVED,123733-DN,2026-06-18T06:07:00Z,SELL,4287.3,4312.2,4302.5,8.507142857142949,BREAKOUT_FOLLOWED
RESOLVED,123733-UP,2026-06-18T08:00:00Z,BUY,4275.5,4312.2,4302.5,8.507142857142949,NOT_FOLLOWED
FIRED,123734-DN,2026-06-18T08:25:00Z,SELL,4275.9,4281.9,4273.9,8.935714285714182,
RESOLVED,123734-DN,2026-06-18T08:35:00Z,SELL,4272.3,4281.9,4273.9,8.935714285714182,BREAKOUT_FOLLOWED
FIRED,123744-DN,2026-06-20T02:20:00Z,SELL,4150.0,4151.8,4149.5,2.5428571428572986,
FIRED,123744-UP,2026-06-20T02:43:00Z,BUY,4151.5,4151.8,4149.5,2.5428571428572986,
RESOLVED,123744-UP,2026-06-20T04:00:00Z,BUY,4151.0,4151.8,4149.5,2.5428571428572986,NOT_FOLLOWED
RESOLVED,123744-DN,2026-06-20T04:00:00Z,SELL,4151.0,4151.8,4149.5,2.5428571428572986,NOT_FOLLOWED
FIRED,123746-DN,2026-06-20T08:42:00Z,SELL,4151.8,4153.2,4151.7,1.3385714285716728,
RESOLVED,123746-DN,2026-06-20T10:11:00Z,SELL,4150.5,4153.2,4151.7,1.3385714285716728,BREAKOUT_FOLLOWED
FIRED,123746-UP,2026-06-20T11:26:00Z,BUY,4153.1,4153.2,4151.7,1.3385714285716728,
RESOLVED,123746-UP,2026-06-20T12:00:00Z,BUY,4152.2,4153.2,4151.7,1.3385714285716728,NOT_FOLLOWED
FIRED,123750-UP,2026-06-21T01:47:00Z,BUY,4150.0,4150.4,4150.1,1.2664285714284753,
FIRED,123750-DN,2026-06-21T02:07:00Z,SELL,4150.2,4150.4,4150.1,1.2664285714284753,
RESOLVED,123750-UP,2026-06-21T04:00:00Z,BUY,4154.5,4150.4,4150.1,1.2664285714284753,NOT_FOLLOWED
RESOLVED,123750-DN,2026-06-21T04:00:00Z,SELL,4154.5,4150.4,4150.1,1.2664285714284753,NOT_FOLLOWED
FIRED,123757-UP,2026-06-22T04:18:00Z,BUY,4170.9,4172.8,4166.0,11.321428571428637,
RESOLVED,123757-UP,2026-06-22T05:19:00Z,BUY,4182.1,4172.8,4166.0,11.321428571428637,BREAKOUT_FOLLOWED
FIRED,123770-UP,2026-06-24T08:57:00Z,BUY,4074.2,4075.0,4069.55,9.613571428571374,
FIRED,123770-DN,2026-06-24T09:08:00Z,SELL,4069.6,4075.0,4069.55,9.613571428571374,
RESOLVED,123770-DN,2026-06-24T09:26:00Z,SELL,4069.0,4075.0,4069.55,9.613571428571374,BREAKOUT_FOLLOWED
RESOLVED,123770-UP,2026-06-24T12:00:00Z,BUY,4045.1,4075.0,4069.55,9.613571428571374,NOT_FOLLOWED
FIRED,123780-UP,2026-06-26T00:53:00Z,BUY,4013.4,4014.3,4007.2,5.849999999999974,
RESOLVED,123780-UP,2026-06-26T04:00:00Z,BUY,3998.7,4014.3,4007.2,5.849999999999974,NOT_FOLLOWED
FIRED,123787-DN,2026-06-27T04:51:00Z,SELL,4077.2,4079.1,4076.5,1.9428571428571624,
RESOLVED,123787-DN,2026-06-27T08:00:00Z,SELL,4077.5,4079.1,4076.5,1.9428571428571624,NOT_FOLLOWED
FIRED,123792-UP,2026-06-28T02:01:00Z,BUY,4074.7,4074.8,4072.4,1.9985714285714624,
RESOLVED,123792-UP,2026-06-28T02:18:00Z,BUY,4075.6,4074.8,4072.4,1.9985714285714624,BREAKOUT_FOLLOWED
FIRED,123798-UP,2026-06-29T00:41:00Z,BUY,4054.5,4058.28,4048.3,6.463571428571511,
FIRED,123798-DN,2026-06-29T01:15:00Z,SELL,4052.3,4058.28,4048.3,6.463571428571511,
RESOLVED,123798-UP,2026-06-29T03:22:00Z,BUY,4068.9,4058.28,4048.3,6.463571428571511,BREAKOUT_FOLLOWED
RESOLVED,123798-DN,2026-06-29T04:00:00Z,SELL,4062.2,4058.28,4048.3,6.463571428571511,NOT_FOLLOWED
FIRED,123806-UP,2026-06-30T11:41:00Z,BUY,4029.8,4032.1,4016.5,10.687142857142817,
RESOLVED,123806-UP,2026-06-30T12:00:00Z,BUY,4028.3,4032.1,4016.5,10.687142857142817,NOT_FOLLOWED
FIRED,123807-DN,2026-06-30T12:18:00Z,SELL,4020.8,4028.7,4020.1,6.347142857142866,
RESOLVED,123807-DN,2026-06-30T12:21:00Z,SELL,4015.6,4028.7,4020.1,6.347142857142866,BREAKOUT_FOLLOWED
FIRED,123817-DN,2026-07-02T04:18:00Z,SELL,4063.6,4067.7,4063.2,9.67142857142861,
FIRED,123817-UP,2026-07-02T06:50:00Z,BUY,4065.9,4067.7,4063.2,9.67142857142861,
RESOLVED,123817-UP,2026-07-02T06:55:00Z,BUY,4069.8,4067.7,4063.2,9.67142857142861,BREAKOUT_FOLLOWED
FIRED,123817-UP,2026-07-02T07:10:00Z,BUY,4066.4,4067.7,4063.2,9.67142857142861,
RESOLVED,123817-UP,2026-07-02T07:42:00Z,BUY,4069.1,4067.7,4063.2,9.67142857142861,BREAKOUT_FOLLOWED
RESOLVED,123817-DN,2026-07-02T08:00:00Z,SELL,4057.0,4067.7,4063.2,9.67142857142861,NOT_FOLLOWED
FIRED,123823-DN,2026-07-03T07:01:00Z,SELL,4163.5,4168.0,4162.6,10.142857142856883,
FIRED,123823-UP,2026-07-03T07:05:00Z,BUY,4166.2,4168.0,4162.6,10.142857142856883,
RESOLVED,123823-UP,2026-07-03T07:44:00Z,BUY,4169.4,4168.0,4162.6,10.142857142856883,BREAKOUT_FOLLOWED
RESOLVED,123823-DN,2026-07-03T08:00:00Z,SELL,4169.6,4168.0,4162.6,10.142857142856883,NOT_FOLLOWED
FIRED,123824-DN,2026-07-03T10:30:00Z,SELL,4168.9,4175.0,4167.8,6.514285714285767,
FIRED,123824-UP,2026-07-03T11:14:00Z,BUY,4174.3,4175.0,4167.8,6.514285714285767,
RESOLVED,123824-UP,2026-07-03T11:15:00Z,BUY,4175.1,4175.0,4167.8,6.514285714285767,BREAKOUT_FOLLOWED
RESOLVED,123824-DN,2026-07-03T12:00:00Z,SELL,4170.4,4175.0,4167.8,6.514285714285767,NOT_FOLLOWED
FIRED,123834-UP,2026-07-05T01:27:00Z,BUY,4164.9,4165.0,4164.1,1.2142857142858443,
RESOLVED,123834-UP,2026-07-05T04:00:00Z,BUY,4160.5,4165.0,4164.1,1.2142857142858443,NOT_FOLLOWED
FIRED,123841-DN,2026-07-06T04:22:00Z,SELL,4152.1,4156.8,4150.9,10.884285714285593,
RESOLVED,123841-DN,2026-07-06T05:57:00Z,SELL,4140.8,4156.8,4150.9,10.884285714285593,BREAKOUT_FOLLOWED
FIRED,123841-UP,2026-07-06T07:43:00Z,BUY,4155.5,4156.8,4150.9,10.884285714285593,
RESOLVED,123841-UP,2026-07-06T08:00:00Z,BUY,4156.1,4156.8,4150.9,10.884285714285593,NOT_FOLLOWED
FIRED,123846-DN,2026-07-07T00:18:00Z,SELL,4144.5,4149.7,4144.0,3.107142857142922,
RESOLVED,123846-DN,2026-07-07T00:37:00Z,SELL,4142.6,4149.7,4144.0,3.107142857142922,BREAKOUT_FOLLOWED
FIRED,123852-UP,2026-07-08T00:20:00Z,BUY,4095.5,4097.3,4091.2,5.349999999999974,
FIRED,123852-DN,2026-07-08T01:34:00Z,SELL,4092.3,4097.3,4091.2,5.349999999999974,
RESOLVED,123852-DN,2026-07-08T01:38:00Z,SELL,4090.2,4097.3,4091.2,5.349999999999974,BREAKOUT_FOLLOWED
RESOLVED,123852-UP,2026-07-08T04:00:00Z,BUY,4115.0,4097.3,4091.2,5.349999999999974,NOT_FOLLOWED
FIRED,123853-DN,2026-07-08T04:18:00Z,SELL,4115.0,4120.5,4113.2,10.942857142857065,
FIRED,123853-UP,2026-07-08T04:22:00Z,BUY,4118.5,4120.5,4113.2,10.942857142857065,
RESOLVED,123853-DN,2026-07-08T07:06:00Z,SELL,4112.1,4120.5,4113.2,10.942857142857065,BREAKOUT_FOLLOWED
RESOLVED,123853-UP,2026-07-08T08:00:00Z,BUY,4110.9,4120.5,4113.2,10.942857142857065,NOT_FOLLOWED
FIRED,123859-UP,2026-07-09T04:32:00Z,BUY,4057.0,4057.1,4051.2,8.205714285714228,
FIRED,123859-DN,2026-07-09T04:42:00Z,SELL,4052.6,4057.1,4051.2,8.205714285714228,
RESOLVED,123859-DN,2026-07-09T04:43:00Z,SELL,4050.8,4057.1,4051.2,8.205714285714228,BREAKOUT_FOLLOWED
RESOLVED,123859-UP,2026-07-09T08:00:00Z,BUY,4098.6,4057.1,4051.2,8.205714285714228,NOT_FOLLOWED
FIRED,123865-DN,2026-07-10T04:20:00Z,SELL,4107.9,4111.5,4107.0,8.252142857143099,
RESOLVED,123865-DN,2026-07-10T04:21:00Z,SELL,4106.0,4111.5,4107.0,8.252142857143099,BREAKOUT_FOLLOWED
FIRED,123866-UP,2026-07-10T11:25:00Z,BUY,4095.7,4095.9,4091.0,5.3221428571429055,
RESOLVED,123866-UP,2026-07-10T12:00:00Z,BUY,4092.3,4095.9,4091.0,5.3221428571429055,NOT_FOLLOWED
FIRED,123870-UP,2026-07-11T00:45:00Z,BUY,4110.8,4111.0,4109.2,2.0985714285713066,
FIRED,123870-DN,2026-07-11T01:09:00Z,SELL,4109.9,4111.0,4109.2,2.0985714285713066,
RESOLVED,123870-UP,2026-07-11T04:00:00Z,BUY,4106.8,4111.0,4109.2,2.0985714285713066,NOT_FOLLOWED
RESOLVED,123870-DN,2026-07-11T04:00:00Z,SELL,4106.8,4111.0,4109.2,2.0985714285713066,NOT_FOLLOWED
FIRED,123876-DN,2026-07-12T00:34:00Z,SELL,4096.9,4097.7,4096.7,1.2357142857141687,
RESOLVED,123876-DN,2026-07-12T00:46:00Z,SELL,4096.2,4097.7,4096.7,1.2357142857141687,BREAKOUT_FOLLOWED
FIRED,123882-DN,2026-07-13T00:18:00Z,SELL,4074.3,4083.1,4073.7,5.750000000000033,
RESOLVED,123882-DN,2026-07-13T00:26:00Z,SELL,4070.4,4083.1,4073.7,5.750000000000033,BREAKOUT_FOLLOWED
FIRED,123889-DN,2026-07-14T04:18:00Z,SELL,4009.4,4013.0,4008.4,8.062857142857215,
FIRED,123889-UP,2026-07-14T04:27:00Z,BUY,4012.0,4013.0,4008.4,8.062857142857215,
RESOLVED,123889-UP,2026-07-14T08:00:00Z,BUY,4015.5,4013.0,4008.4,8.062857142857215,NOT_FOLLOWED
RESOLVED,123889-DN,2026-07-14T08:00:00Z,SELL,4015.5,4013.0,4008.4,8.062857142857215,NOT_FOLLOWED
FIRED,123890-UP,2026-07-14T08:29:00Z,BUY,4016.3,4016.8,4008.8,5.859285714285761,
FIRED,123890-DN,2026-07-14T08:58:00Z,SELL,4010.5,4016.8,4008.8,5.859285714285761,
RESOLVED,123890-UP,2026-07-14T12:00:00Z,BUY,4024.9,4016.8,4008.8,5.859285714285761,NOT_FOLLOWED
RESOLVED,123890-DN,2026-07-14T12:00:00Z,SELL,4024.9,4016.8,4008.8,5.859285714285761,NOT_FOLLOWED
FIRED,123891-DN,2026-07-14T12:24:00Z,SELL,4023.0,4030.4,4019.5,5.821428571428571,
RESOLVED,123891-DN,2026-07-14T16:00:00Z,SELL,4054.2,4030.4,4019.5,5.821428571428571,NOT_FOLLOWED
FIRED,123894-UP,2026-07-15T01:19:00Z,BUY,4048.3,4048.7,4043.4,3.6142857142856752,
FIRED,123894-DN,2026-07-15T01:31:00Z,SELL,4044.6,4048.7,4043.4,3.6142857142856752,
RESOLVED,123894-DN,2026-07-15T01:33:00Z,SELL,4040.0,4048.7,4043.4,3.6142857142856752,BREAKOUT_FOLLOWED
FIRED,123894-DN,2026-07-15T01:34:00Z,SELL,4043.5,4048.7,4043.4,3.6142857142856752,
RESOLVED,123894-DN,2026-07-15T01:39:00Z,SELL,4039.3,4048.7,4043.4,3.6142857142856752,BREAKOUT_FOLLOWED
RESOLVED,123894-UP,2026-07-15T04:00:00Z,BUY,4027.0,4048.7,4043.4,3.6142857142856752,NOT_FOLLOWED
FIRED,123900-UP,2026-07-16T00:24:00Z,BUY,4049.7,4049.9,4045.3,2.4085714285714466,
FIRED,123900-DN,2026-07-16T00:45:00Z,SELL,4045.4,4049.9,4045.3,2.4085714285714466,
RESOLVED,123900-DN,2026-07-16T00:55:00Z,SELL,4042.9,4049.9,4045.3,2.4085714285714466,BREAKOUT_FOLLOWED
RESOLVED,123900-UP,2026-07-16T04:00:00Z,BUY,4029.1,4049.9,4045.3,2.4085714285714466,NOT_FOLLOWED
FIRED,123906-UP,2026-07-17T00:48:00Z,BUY,3985.6,3986.3,3982.7,3.9642857142857144,
RESOLVED,123906-UP,2026-07-17T04:00:00Z,BUY,3987.99,3986.3,3982.7,3.9642857142857144,NOT_FOLLOWED
FIRED,123925-DN,2026-07-20T04:18:00Z,SELL,4017.1,4021.0,4015.8,8.528571428571436,
FIRED,123925-UP,2026-07-20T04:29:00Z,BUY,4019.6,4021.0,4015.8,8.528571428571436,
RESOLVED,123925-DN,2026-07-20T05:09:00Z,SELL,4010.0,4021.0,4015.8,8.528571428571436,BREAKOUT_FOLLOWED
RESOLVED,123925-UP,2026-07-20T08:00:00Z,BUY,4016.8,4021.0,4015.8,8.528571428571436,NOT_FOLLOWED
FIRED,123931-DN,2026-07-21T04:20:00Z,SELL,4038.8,4043.5,4037.4,7.906428571428511,
FIRED,123931-UP,2026-07-21T05:14:00Z,BUY,4042.6,4043.5,4037.4,7.906428571428511,
RESOLVED,123931-UP,2026-07-21T05:26:00Z,BUY,4046.2,4043.5,4037.4,7.906428571428511,BREAKOUT_FOLLOWED
RESOLVED,123931-DN,2026-07-21T08:00:00Z,SELL,4059.1,4043.5,4037.4,7.906428571428511,NOT_FOLLOWED
FIRED,123937-DN,2026-07-22T04:27:00Z,SELL,4112.7,4116.2,4112.1,7.975714285714275,
RESOLVED,123937-DN,2026-07-22T08:00:00Z,SELL,4098.7,4116.2,4112.1,7.975714285714275,NOT_FOLLOWED
FIRED,123938-UP,2026-07-22T08:19:00Z,BUY,4101.2,4101.8,4095.7,6.8749999999998375,
RESOLVED,123938-UP,2026-07-22T08:22:00Z,BUY,4103.3,4101.8,4095.7,6.8749999999998375,BREAKOUT_FOLLOWED
FIRED,123942-UP,2026-07-23T00:24:00Z,BUY,4122.2,4123.1,4115.6,6.622142857142957,
FIRED,123942-DN,2026-07-23T00:48:00Z,SELL,4117.1,4123.1,4115.6,6.622142857142957,
RESOLVED,123942-UP,2026-07-23T01:00:00Z,BUY,4126.35,4123.1,4115.6,6.622142857142957,BREAKOUT_FOLLOWED
FIRED,123942-UP,2026-07-23T01:06:00Z,BUY,4120.6,4123.1,4115.6,6.622142857142957,
RESOLVED,123942-UP,2026-07-23T01:12:00Z,BUY,4125.8,4123.1,4115.6,6.622142857142957,BREAKOUT_FOLLOWED
RESOLVED,123942-DN,2026-07-23T04:00:00Z,SELL,4113.8,4123.1,4115.6,6.622142857142957,NOT_FOLLOWED
FIRED,123949-DN,2026-07-24T04:19:00Z,SELL,4023.9,4025.8,4022.7,7.100000000000007,
FIRED,123949-UP,2026-07-24T04:22:00Z,BUY,4025.1,4025.8,4022.7,7.100000000000007,
RESOLVED,123949-DN,2026-07-24T04:42:00Z,SELL,4022.0,4025.8,4022.7,7.100000000000007,BREAKOUT_FOLLOWED
FIRED,123949-DN,2026-07-24T05:14:00Z,SELL,4023.5,4025.8,4022.7,7.100000000000007,
RESOLVED,123949-DN,2026-07-24T05:16:00Z,SELL,4022.0,4025.8,4022.7,7.100000000000007,BREAKOUT_FOLLOWED
RESOLVED,123949-UP,2026-07-24T08:00:00Z,BUY,4039.4,4025.8,4022.7,7.100000000000007,NOT_FOLLOWED
FIRED,123950-UP,2026-07-24T08:21:00Z,BUY,4037.3,4039.8,4036.4,6.929285714285697,
FIRED,123950-DN,2026-07-24T08:26:00Z,SELL,4039.1,4039.8,4036.4,6.929285714285697,
RESOLVED,123950-UP,2026-07-24T12:00:00Z,BUY,4047.9,4039.8,4036.4,6.929285714285697,NOT_FOLLOWED
RESOLVED,123950-DN,2026-07-24T12:00:00Z,SELL,4047.9,4039.8,4036.4,6.929285714285697,NOT_FOLLOWED
FIRED,123951-UP,2026-07-24T12:26:00Z,BUY,4049.7,4049.9,4042.8,5.74714285714286,
FIRED,123951-DN,2026-07-24T12:43:00Z,SELL,4044.6,4049.9,4042.8,5.74714285714286,
RESOLVED,123951-DN,2026-07-24T13:05:00Z,SELL,4040.9,4049.9,4042.8,5.74714285714286,BREAKOUT_FOLLOWED
RESOLVED,123951-UP,2026-07-24T16:00:00Z,BUY,4068.5,4049.9,4042.8,5.74714285714286,NOT_FOLLOWED
FIRED,123955-DN,2026-07-25T05:22:00Z,SELL,4049.2,4049.7,4049.1,0.7928571428571038,
RESOLVED,123955-DN,2026-07-25T07:30:00Z,SELL,4048.8,4049.7,4049.1,0.7928571428571038,BREAKOUT_FOLLOWED
FIRED,123956-UP,2026-07-25T10:56:00Z,BUY,4048.4,4048.6,4048.1,0.6357142857142597,
RESOLVED,123956-UP,2026-07-25T12:00:00Z,BUY,4048.6,4048.6,4048.1,0.6357142857142597,NOT_FOLLOWED
FIRED,123967-UP,2026-07-27T04:36:00Z,BUY,4084.1,4084.8,4080.5,6.928571428571429,
FIRED,123967-DN,2026-07-27T04:45:00Z,SELL,4082.5,4084.8,4080.5,6.928571428571429,
RESOLVED,123967-UP,2026-07-27T05:08:00Z,BUY,4085.4,4084.8,4080.5,6.928571428571429,BREAKOUT_FOLLOWED
RESOLVED,123967-DN,2026-07-27T08:00:00Z,SELL,4082.3,4084.8,4080.5,6.928571428571429,NOT_FOLLOWED
FIRED,123973-DN,2026-07-28T04:31:00Z,SELL,4038.8,4043.0,4037.3,5.8928571428570775,
RESOLVED,123973-DN,2026-07-28T04:56:00Z,SELL,4036.4,4043.0,4037.3,5.8928571428570775,BREAKOUT_FOLLOWED
FIRED,123973-DN,2026-07-28T06:11:00Z,SELL,4039.1,4043.0,4037.3,5.8928571428570775,
FIRED,123973-UP,2026-07-28T07:03:00Z,BUY,4042.4,4043.0,4037.3,5.8928571428570775,
RESOLVED,123973-UP,2026-07-28T08:00:00Z,BUY,4041.1,4043.0,4037.3,5.8928571428570775,NOT_FOLLOWED
RESOLVED,123973-DN,2026-07-28T08:00:00Z,SELL,4041.1,4043.0,4037.3,5.8928571428570775,NOT_FOLLOWED
FIRED,123975-UP,2026-07-28T12:18:00Z,BUY,4022.8,4023.9,4017.8,6.799999999999987,
FIRED,123975-DN,2026-07-28T13:37:00Z,SELL,4019.4,4023.9,4017.8,6.799999999999987,
RESOLVED,123975-DN,2026-07-28T13:39:00Z,SELL,4015.9,4023.9,4017.8,6.799999999999987,BREAKOUT_FOLLOWED
FIRED,123975-DN,2026-07-28T14:03:00Z,SELL,4020.6,4023.9,4017.8,6.799999999999987,
RESOLVED,123975-DN,2026-07-28T14:16:00Z,SELL,4017.6,4023.9,4017.8,6.799999999999987,BREAKOUT_FOLLOWED
RESOLVED,123975-UP,2026-07-28T16:00:00Z,BUY,4041.9,4023.9,4017.8,6.799999999999987,NOT_FOLLOWED
FIRED,123978-UP,2026-07-29T00:26:00Z,BUY,4020.1,4020.6,4014.4,4.599999999999974,
RESOLVED,123978-UP,2026-07-29T04:00:00Z,BUY,4018.0,4020.6,4014.4,4.599999999999974,NOT_FOLLOWED
FIRED,123984-DN,2026-07-30T00:18:00Z,SELL,4072.8,4078.8,4071.8,6.473571428571404,
FIRED,123984-UP,2026-07-30T01:33:00Z,BUY,4078.2,4078.8,4071.8,6.473571428571404,
RESOLVED,123984-UP,2026-07-30T01:41:00Z,BUY,4080.7,4078.8,4071.8,6.473571428571404,BREAKOUT_FOLLOWED
RESOLVED,123984-DN,2026-07-30T04:00:00Z,SELL,4053.9,4078.8,4071.8,6.473571428571404,NOT_FOLLOWED
FIRED,123990-DN,2026-07-31T00:18:00Z,SELL,4089.5,4095.2,4089.4,3.5857142857143702,
RESOLVED,123990-DN,2026-07-31T04:00:00Z,SELL,4068.3,4095.2,4089.4,3.5857142857143702,NOT_FOLLOWED
FIRED,123996-UP,2026-08-01T02:25:00Z,BUY,4052.9,4053.3,4052.7,2.528571428571435,
RESOLVED,123996-UP,2026-08-01T04:00:00Z,BUY,4051.0,4053.3,4052.7,2.528571428571435,NOT_FOLLOWED
FIRED,124008-DN,2026-08-03T00:18:00Z,SELL,4073.6,4081.2,4073.2,5.135714285714357,
RESOLVED,124008-DN,2026-08-03T00:58:00Z,SELL,4059.9,4081.2,4073.2,5.135714285714357,BREAKOUT_FOLLOWED
FIRED,124020-UP,2026-08-05T00:24:00Z,BUY,4071.9,4073.2,4066.2,6.883571428571421,
RESOLVED,124020-UP,2026-08-05T00:29:00Z,BUY,4077.6,4073.2,4066.2,6.883571428571421,BREAKOUT_FOLLOWED
FIRED,124027-DN,2026-08-06T04:21:00Z,SELL,4254.0,4258.5,4253.8,12.892857142857272,
FIRED,124027-UP,2026-08-06T05:04:00Z,BUY,4252.5,4258.5,4253.8,12.892857142857272,
RESOLVED,124027-UP,2026-08-06T05:52:00Z,BUY,4259.6,4258.5,4253.8,12.892857142857272,BREAKOUT_FOLLOWED
FIRED,124027-UP,2026-08-06T07:12:00Z,BUY,4256.0,4258.5,4253.8,12.892857142857272,
RESOLVED,124027-UP,2026-08-06T08:00:00Z,BUY,4258.0,4258.5,4253.8,12.892857142857272,NOT_FOLLOWED
RESOLVED,124027-DN,2026-08-06T08:00:00Z,SELL,4258.0,4258.5,4253.8,12.892857142857272,NOT_FOLLOWED
FIRED,124033-DN,2026-08-07T04:18:00Z,SELL,4255.4,4261.5,4255.3,9.242857142857051,
FIRED,124033-UP,2026-08-07T04:22:00Z,BUY,4259.9,4261.5,4255.3,9.242857142857051,
RESOLVED,124033-UP,2026-08-07T05:10:00Z,BUY,4262.3,4261.5,4255.3,9.242857142857051,BREAKOUT_FOLLOWED
RESOLVED,124033-DN,2026-08-07T08:00:00Z,SELL,4283.9,4261.5,4255.3,9.242857142857051,NOT_FOLLOWED
FIRED,124038-UP,2026-08-08T00:22:00Z,BUY,4342.5,4342.7,4338.8,3.5149999999998727,
FIRED,124038-DN,2026-08-08T00:42:00Z,SELL,4338.9,4342.7,4338.8,3.5149999999998727,
RESOLVED,124038-UP,2026-08-08T04:00:00Z,BUY,4335.8,4342.7,4338.8,3.5149999999998727,NOT_FOLLOWED
RESOLVED,124038-DN,2026-08-08T04:00:00Z,SELL,4335.8,4342.7,4338.8,3.5149999999998727,NOT_FOLLOWED
FIRED,124039-DN,2026-08-08T04:24:00Z,SELL,4334.6,4336.0,4331.6,3.0857142857144026,
RESOLVED,124039-DN,2026-08-08T08:00:00Z,SELL,4334.4,4336.0,4331.6,3.0857142857144026,NOT_FOLLOWED
FIRED,124044-UP,2026-08-09T02:56:00Z,BUY,4342.6,4342.7,4341.9,0.7700000000001117,
FIRED,124044-DN,2026-08-09T03:37:00Z,SELL,4342.0,4342.7,4341.9,0.7700000000001117,
RESOLVED,124044-UP,2026-08-09T04:00:00Z,BUY,4339.5,4342.7,4341.9,0.7700000000001117,NOT_FOLLOWED
RESOLVED,124044-DN,2026-08-09T04:00:00Z,SELL,4339.5,4342.7,4341.9,0.7700000000001117,NOT_FOLLOWED
FIRED,124057-DN,2026-08-11T04:28:00Z,SELL,4405.5,4409.8,4403.2,10.024999999999961,
FIRED,124057-UP,2026-08-11T04:33:00Z,BUY,4409.7,4409.8,4403.2,10.024999999999961,
RESOLVED,124057-UP,2026-08-11T08:00:00Z,BUY,4356.1,4409.8,4403.2,10.024999999999961,NOT_FOLLOWED
RESOLVED,124057-DN,2026-08-11T08:00:00Z,SELL,4356.1,4409.8,4403.2,10.024999999999961,NOT_FOLLOWED
FIRED,124063-DN,2026-08-12T04:25:00Z,SELL,4391.1,4396.5,4389.7,7.1521428571428,
FIRED,124063-UP,2026-08-12T04:48:00Z,BUY,4395.4,4396.5,4389.7,7.1521428571428,
RESOLVED,124063-UP,2026-08-12T05:09:00Z,BUY,4399.0,4396.5,4389.7,7.1521428571428,BREAKOUT_FOLLOWED
RESOLVED,124063-DN,2026-08-12T08:00:00Z,SELL,4401.3,4396.5,4389.7,7.1521428571428,NOT_FOLLOWED
FIRED,124069-DN,2026-08-13T04:21:00Z,SELL,4385.0,4392.7,4384.4,10.408571428571577,
RESOLVED,124069-DN,2026-08-13T07:56:00Z,SELL,4365.5,4392.7,4384.4,10.408571428571577,BREAKOUT_FOLLOWED
FIRED,124074-DN,2026-08-14T00:18:00Z,SELL,4350.3,4359.5,4350.0,4.907142857142909,
RESOLVED,124074-DN,2026-08-14T00:27:00Z,SELL,4343.5,4359.5,4350.0,4.907142857142909,BREAKOUT_FOLLOWED
FIRED,124080-DN,2026-08-15T03:58:00Z,SELL,4376.0,4379.6,4375.8,2.2192857142856934,
RESOLVED,124080-DN,2026-08-15T04:00:00Z,SELL,4376.1,4379.6,4375.8,2.2192857142856934,NOT_FOLLOWED
FIRED,124081-UP,2026-08-15T04:37:00Z,BUY,4377.1,4377.2,4375.6,2.0500000000002467,
FIRED,124081-DN,2026-08-15T04:58:00Z,SELL,4375.7,4377.2,4375.6,2.0500000000002467,
RESOLVED,124081-UP,2026-08-15T08:00:00Z,BUY,4376.0,4377.2,4375.6,2.0500000000002467,NOT_FOLLOWED
RESOLVED,124081-DN,2026-08-15T08:00:00Z,SELL,4376.0,4377.2,4375.6,2.0500000000002467,NOT_FOLLOWED
FIRED,124083-UP,2026-08-15T12:18:00Z,BUY,4373.0,4373.1,4371.4,0.9714285714285974,
RESOLVED,124083-UP,2026-08-15T12:20:00Z,BUY,4373.2,4373.1,4371.4,0.9714285714285974,BREAKOUT_FOLLOWED
FIRED,124088-UP,2026-08-16T09:52:00Z,BUY,4376.4,4376.65,4375.9,0.9857142857142988,
RESOLVED,124088-UP,2026-08-16T12:00:00Z,BUY,4373.9,4376.65,4375.9,0.9857142857142988,NOT_FOLLOWED
FIRED,124089-UP,2026-08-16T13:44:00Z,BUY,4373.9,4374.1,4373.6,0.8585714285714597,
RESOLVED,124089-UP,2026-08-16T16:00:00Z,BUY,4373.5,4374.1,4373.6,0.8585714285714597,NOT_FOLLOWED
FIRED,124093-DN,2026-08-17T04:18:00Z,SELL,4393.5,4395.9,4392.7,7.910714285714156,
FIRED,124093-UP,2026-08-17T05:30:00Z,BUY,4394.4,4395.9,4392.7,7.910714285714156,
RESOLVED,124093-UP,2026-08-17T06:50:00Z,BUY,4396.4,4395.9,4392.7,7.910714285714156,BREAKOUT_FOLLOWED
RESOLVED,124093-DN,2026-08-17T08:00:00Z,SELL,4397.3,4395.9,4392.7,7.910714285714156,NOT_FOLLOWED
FIRED,124094-DN,2026-08-17T09:23:00Z,SELL,4394.0,4400.5,4392.7,7.214285714285714,
FIRED,124094-UP,2026-08-17T10:30:00Z,BUY,4396.2,4400.5,4392.7,7.214285714285714,
RESOLVED,124094-UP,2026-08-17T12:00:00Z,BUY,4392.7,4400.5,4392.7,7.214285714285714,NOT_FOLLOWED
RESOLVED,124094-DN,2026-08-17T12:00:00Z,SELL,4392.7,4400.5,4392.7,7.214285714285714,NOT_FOLLOWED
FIRED,124095-UP,2026-08-17T13:50:00Z,BUY,4392.14,4393.9,4388.0,5.674285714285686,
RESOLVED,124095-UP,2026-08-17T13:51:00Z,BUY,4396.6,4393.9,4388.0,5.674285714285686,BREAKOUT_FOLLOWED
FIRED,124099-UP,2026-08-18T04:26:00Z,BUY,4387.2,4387.4,4384.4,6.9357142857143765,
RESOLVED,124099-UP,2026-08-18T04:31:00Z,BUY,4387.9,4387.4,4384.4,6.9357142857143765,BREAKOUT_FOLLOWED
FIRED,124111-DN,2026-08-20T04:22:00Z,SELL,4479.8,4481.9,4478.8,7.9164285714285665,
RESOLVED,124111-DN,2026-08-20T08:00:00Z,SELL,4475.6,4481.9,4478.8,7.9164285714285665,NOT_FOLLOWED
FIRED,124112-DN,2026-08-20T08:28:00Z,SELL,4475.5,4480.5,4475.4,6.157142857142844,
FIRED,124112-UP,2026-08-20T09:16:00Z,BUY,4479.1,4480.5,4475.4,6.157142857142844,
RESOLVED,124112-UP,2026-08-20T10:30:00Z,BUY,4480.8,4480.5,4475.4,6.157142857142844,BREAKOUT_FOLLOWED
RESOLVED,124112-DN,2026-08-20T12:00:00Z,SELL,4450.5,4480.5,4475.4,6.157142857142844,NOT_FOLLOWED
FIRED,124116-DN,2026-08-21T00:23:00Z,SELL,4505.3,4512.9,4504.7,4.31214285714285,
FIRED,124116-UP,2026-08-21T01:17:00Z,BUY,4511.4,4512.9,4504.7,4.31214285714285,
RESOLVED,124116-UP,2026-08-21T01:29:00Z,BUY,4516.0,4512.9,4504.7,4.31214285714285,BREAKOUT_FOLLOWED
RESOLVED,124116-DN,2026-08-21T04:00:00Z,SELL,4521.9,4512.9,4504.7,4.31214285714285,NOT_FOLLOWED
FIRED,124123-DN,2026-08-22T04:46:00Z,SELL,4592.5,4594.8,4591.4,2.8014285714284597,
RESOLVED,124123-DN,2026-08-22T08:00:00Z,SELL,4590.9,4594.8,4591.4,2.8014285714284597,NOT_FOLLOWED
FIRED,124124-DN,2026-08-22T08:42:00Z,SELL,4586.4,4591.6,4585.1,5.4542857142857555,
RESOLVED,124124-DN,2026-08-22T12:00:00Z,SELL,4586.6,4591.6,4585.1,5.4542857142857555,NOT_FOLLOWED
FIRED,124126-UP,2026-08-22T19:33:00Z,BUY,4586.6,4586.9,4584.8,1.533571428571317,
RESOLVED,124126-UP,2026-08-22T20:00:00Z,BUY,4586.6,4586.9,4584.8,1.533571428571317,NOT_FOLLOWED
FIRED,124135-UP,2026-08-24T04:18:00Z,BUY,4629.9,4631.8,4622.3,13.278571428571533,
FIRED,124135-DN,2026-08-24T04:33:00Z,SELL,4622.4,4631.8,4622.3,13.278571428571533,
RESOLVED,124135-UP,2026-08-24T05:16:00Z,BUY,4633.8,4631.8,4622.3,13.278571428571533,BREAKOUT_FOLLOWED
FIRED,124135-UP,2026-08-24T05:50:00Z,BUY,4626.5,4631.8,4622.3,13.278571428571533,
RESOLVED,124135-UP,2026-08-24T06:01:00Z,BUY,4631.9,4631.8,4622.3,13.278571428571533,BREAKOUT_FOLLOWED
RESOLVED,124135-DN,2026-08-24T08:00:00Z,SELL,4631.0,4631.8,4622.3,13.278571428571533,NOT_FOLLOWED
FIRED,124141-UP,2026-08-25T04:21:00Z,BUY,4625.2,4628.0,4621.5,13.65500000000007,
FIRED,124141-DN,2026-08-25T04:23:00Z,SELL,4623.3,4628.0,4621.5,13.65500000000007,
RESOLVED,124141-UP,2026-08-25T05:12:00Z,BUY,4629.0,4628.0,4621.5,13.65500000000007,BREAKOUT_FOLLOWED
RESOLVED,124141-DN,2026-08-25T08:00:00Z,SELL,4619.2,4628.0,4621.5,13.65500000000007,NOT_FOLLOWED
FIRED,124146-DN,2026-08-26T01:53:00Z,SELL,4642.0,4647.7,4641.3,4.357142857142857,
RESOLVED,124146-DN,2026-08-26T04:00:00Z,SELL,4634.2,4647.7,4641.3,4.357142857142857,NOT_FOLLOWED
FIRED,124159-DN,2026-08-28T04:40:00Z,SELL,4571.5,4572.4,4569.3,7.3571428571429225,
FIRED,124159-UP,2026-08-28T04:45:00Z,BUY,4571.2,4572.4,4569.3,7.3571428571429225,
RESOLVED,124159-DN,2026-08-28T05:40:00Z,SELL,4567.8,4572.4,4569.3,7.3571428571429225,BREAKOUT_FOLLOWED
RESOLVED,124159-UP,2026-08-28T06:57:00Z,BUY,4601.0,4572.4,4569.3,7.3571428571429225,BREAKOUT_FOLLOWED
FIRED,124164-UP,2026-08-29T00:19:00Z,BUY,4462.9,4463.4,4461.1,2.7714285714286495,
FIRED,124164-DN,2026-08-29T00:48:00Z,SELL,4461.4,4463.4,4461.1,2.7714285714286495,
RESOLVED,124164-DN,2026-08-29T02:30:00Z,SELL,4460.3,4463.4,4461.1,2.7714285714286495,BREAKOUT_FOLLOWED
RESOLVED,124164-UP,2026-08-29T04:00:00Z,BUY,4460.4,4463.4,4461.1,2.7714285714286495,NOT_FOLLOWED
FIRED,124176-DN,2026-08-31T00:28:00Z,SELL,4450.2,4458.8,4447.9,8.349999999999975,
FIRED,124176-UP,2026-08-31T00:30:00Z,BUY,4457.0,4458.8,4447.9,8.349999999999975,
RESOLVED,124176-DN,2026-08-31T01:00:00Z,SELL,4441.3,4458.8,4447.9,8.349999999999975,BREAKOUT_FOLLOWED
FIRED,124176-DN,2026-08-31T01:01:00Z,SELL,4448.0,4458.8,4447.9,8.349999999999975,
RESOLVED,124176-DN,2026-08-31T01:07:00Z,SELL,4441.7,4458.8,4447.9,8.349999999999975,BREAKOUT_FOLLOWED
RESOLVED,124176-UP,2026-08-31T04:00:00Z,BUY,4416.8,4458.8,4447.9,8.349999999999975,NOT_FOLLOWED
FIRED,124183-DN,2026-09-01T04:20:00Z,SELL,4431.4,4438.6,4431.2,8.303571428571429,
RESOLVED,124183-DN,2026-09-01T04:34:00Z,SELL,4430.3,4438.6,4431.2,8.303571428571429,BREAKOUT_FOLLOWED
FIRED,124183-UP,2026-09-01T05:36:00Z,BUY,4437.5,4438.6,4431.2,8.303571428571429,
FIRED,124183-DN,2026-09-01T06:23:00Z,SELL,4433.4,4438.6,4431.2,8.303571428571429,
RESOLVED,124183-DN,2026-09-01T06:29:00Z,SELL,4430.5,4438.6,4431.2,8.303571428571429,BREAKOUT_FOLLOWED
RESOLVED,124183-UP,2026-09-01T08:00:00Z,BUY,4419.1,4438.6,4431.2,8.303571428571429,NOT_FOLLOWED
FIRED,124189-DN,2026-09-02T04:18:00Z,SELL,4316.2,4317.8,4314.1,13.628571428571247,
FIRED,124189-UP,2026-09-02T04:23:00Z,BUY,4314.2,4317.8,4314.1,13.628571428571247,
RESOLVED,124189-UP,2026-09-02T08:00:00Z,BUY,4335.08,4317.8,4314.1,13.628571428571247,NOT_FOLLOWED
RESOLVED,124189-DN,2026-09-02T08:00:00Z,SELL,4335.08,4317.8,4314.1,13.628571428571247,NOT_FOLLOWED
FIRED,124190-DN,2026-09-02T08:27:00Z,SELL,4335.8,4343.7,4334.5,7.8950000000001115,
RESOLVED,124190-DN,2026-09-02T08:33:00Z,SELL,4333.6,4343.7,4334.5,7.8950000000001115,BREAKOUT_FOLLOWED
FIRED,124195-UP,2026-09-03T04:25:00Z,BUY,4439.1,4439.5,4429.7,8.814285714285623,
RESOLVED,124195-UP,2026-09-03T04:26:00Z,BUY,4439.7,4439.5,4429.7,8.814285714285623,BREAKOUT_FOLLOWED
FIRED,124195-DN,2026-09-03T05:15:00Z,SELL,4431.4,4439.5,4429.7,8.814285714285623,
FIRED,124195-UP,2026-09-03T05:49:00Z,BUY,4438.4,4439.5,4429.7,8.814285714285623,
RESOLVED,124195-UP,2026-09-03T08:00:00Z,BUY,4433.9,4439.5,4429.7,8.814285714285623,NOT_FOLLOWED
RESOLVED,124195-DN,2026-09-03T08:00:00Z,SELL,4433.9,4439.5,4429.7,8.814285714285623,NOT_FOLLOWED
FIRED,124196-DN,2026-09-03T09:46:00Z,SELL,4433.0,4447.6,4432.5,8.399999999999961,
RESOLVED,124196-DN,2026-09-03T12:00:00Z,SELL,4448.5,4447.6,4432.5,8.399999999999961,NOT_FOLLOWED
FIRED,124200-UP,2026-09-04T00:53:00Z,BUY,4482.5,4484.4,4479.4,2.7142857142857144,
RESOLVED,124200-UP,2026-09-04T00:59:00Z,BUY,4486.8,4484.4,4479.4,2.7142857142857144,BREAKOUT_FOLLOWED
FIRED,124200-UP,2026-09-04T01:00:00Z,BUY,4484.3,4484.4,4479.4,2.7142857142857144,
RESOLVED,124200-UP,2026-09-04T04:00:00Z,BUY,4464.8,4484.4,4479.4,2.7142857142857144,NOT_FOLLOWED
FIRED,124206-DN,2026-09-05T00:32:00Z,SELL,4430.3,4431.2,4430.2,1.4071428571427143,
RESOLVED,124206-DN,2026-09-05T04:00:00Z,SELL,4433.6,4431.2,4430.2,1.4071428571427143,NOT_FOLLOWED
FIRED,124207-DN,2026-09-05T04:21:00Z,SELL,4433.1,4434.4,4433.0,1.049999999999987,
RESOLVED,124207-DN,2026-09-05T04:34:00Z,SELL,4431.1,4434.4,4433.0,1.049999999999987,BREAKOUT_FOLLOWED
FIRED,124212-UP,2026-09-06T01:12:00Z,BUY,4430.0,4430.8,4430.1,0.792857142856974,
RESOLVED,124212-UP,2026-09-06T04:00:00Z,BUY,4431.3,4430.8,4430.1,0.792857142856974,NOT_FOLLOWED
FIRED,124213-DN,2026-09-06T06:25:00Z,SELL,4431.1,4431.3,4430.7,0.7214285714285974,
RESOLVED,124213-DN,2026-09-06T07:11:00Z,SELL,4429.9,4431.3,4430.7,0.7214285714285974,BREAKOUT_FOLLOWED
FIRED,124218-UP,2026-09-07T00:47:00Z,BUY,4423.0,4423.2,4417.6,4.105000000000083,
FIRED,124218-DN,2026-09-07T00:54:00Z,SELL,4418.6,4423.2,4417.6,4.105000000000083,
RESOLVED,124218-DN,2026-09-07T00:56:00Z,SELL,4414.3,4423.2,4417.6,4.105000000000083,BREAKOUT_FOLLOWED
RESOLVED,124218-UP,2026-09-07T04:00:00Z,BUY,4402.0,4423.2,4417.6,4.105000000000083,NOT_FOLLOWED
FIRED,124224-UP,2026-09-08T00:30:00Z,BUY,4423.3,4424.0,4415.7,4.442857142857,
RESOLVED,124224-UP,2026-09-08T00:34:00Z,BUY,4425.4,4424.0,4415.7,4.442857142857,BREAKOUT_FOLLOWED
FIRED,124230-UP,2026-09-09T00:46:00Z,BUY,4356.7,4357.5,4350.0,4.4285714285715585,
RESOLVED,124230-UP,2026-09-09T04:00:00Z,BUY,4376.6,4357.5,4350.0,4.4285714285715585,NOT_FOLLOWED
FIRED,124231-UP,2026-09-09T04:22:00Z,BUY,4377.2,4378.0,4373.1,7.463571428571413,
RESOLVED,124231-UP,2026-09-09T07:14:00Z,BUY,4408.7,4378.0,4373.1,7.463571428571413,BREAKOUT_FOLLOWED
FIRED,124236-UP,2026-09-10T00:22:00Z,BUY,4396.7,4397.5,4390.33,3.7778571428571013,
RESOLVED,124236-UP,2026-09-10T01:04:00Z,BUY,4410.0,4397.5,4390.33,3.7778571428571013,BREAKOUT_FOLLOWED
FIRED,124244-UP,2026-09-11T08:19:00Z,BUY,4352.1,4354.0,4346.9,7.492857142856922,
FIRED,124244-DN,2026-09-11T09:15:00Z,SELL,4347.9,4354.0,4346.9,7.492857142856922,
RESOLVED,124244-DN,2026-09-11T10:54:00Z,SELL,4345.8,4354.0,4346.9,7.492857142856922,BREAKOUT_FOLLOWED
RESOLVED,124244-UP,2026-09-11T12:00:00Z,BUY,4338.2,4354.0,4346.9,7.492857142856922,NOT_FOLLOWED
FIRED,124245-UP,2026-09-11T12:30:00Z,BUY,4306.01,4338.2,4328.2,6.685714285714247,
RESOLVED,124245-UP,2026-09-11T12:57:00Z,BUY,4386.5,4338.2,4328.2,6.685714285714247,BREAKOUT_FOLLOWED
FIRED,124250-DN,2026-09-12T10:53:00Z,SELL,4355.5,4355.6,4355.4,0.6642857142857272,
RESOLVED,124250-DN,2026-09-12T12:00:00Z,SELL,4353.5,4355.6,4355.4,0.6642857142857272,NOT_FOLLOWED
FIRED,124252-DN,2026-09-12T16:33:00Z,SELL,4355.8,4355.9,4355.6,0.5957142857142961,
FIRED,124252-UP,2026-09-12T18:21:00Z,BUY,4355.8,4355.9,4355.6,0.5957142857142961,
RESOLVED,124252-UP,2026-09-12T20:00:00Z,BUY,4355.0,4355.9,4355.6,0.5957142857142961,NOT_FOLLOWED
RESOLVED,124252-DN,2026-09-12T20:00:00Z,SELL,4355.0,4355.9,4355.6,0.5957142857142961,NOT_FOLLOWED
FIRED,124261-DN,2026-09-14T04:20:00Z,SELL,4334.8,4336.9,4334.3,9.612142857142967,
FIRED,124261-UP,2026-09-14T04:29:00Z,BUY,4336.8,4336.9,4334.3,9.612142857142967,
RESOLVED,124261-DN,2026-09-14T04:33:00Z,SELL,4334.1,4336.9,4334.3,9.612142857142967,BREAKOUT_FOLLOWED
FIRED,124261-DN,2026-09-14T05:41:00Z,SELL,4337.2,4336.9,4334.3,9.612142857142967,
RESOLVED,124261-DN,2026-09-14T05:42:00Z,SELL,4332.1,4336.9,4334.3,9.612142857142967,BREAKOUT_FOLLOWED
FIRED,124261-DN,2026-09-14T06:06:00Z,SELL,4336.0,4336.9,4334.3,9.612142857142967,
RESOLVED,124261-DN,2026-09-14T06:22:00Z,SELL,4332.5,4336.9,4334.3,9.612142857142967,BREAKOUT_FOLLOWED
RESOLVED,124261-UP,2026-09-14T08:00:00Z,BUY,4317.7,4336.9,4334.3,9.612142857142967,NOT_FOLLOWED
FIRED,124266-DN,2026-09-15T00:34:00Z,SELL,4289.2,4295.2,4289.1,3.449999999999948,
RESOLVED,124266-DN,2026-09-15T00:35:00Z,SELL,4288.8,4295.2,4289.1,3.449999999999948,BREAKOUT_FOLLOWED
FIRED,124266-DN,2026-09-15T00:36:00Z,SELL,4291.5,4295.2,4289.1,3.449999999999948,
FIRED,124266-UP,2026-09-15T00:39:00Z,BUY,4294.5,4295.2,4289.1,3.449999999999948,
RESOLVED,124266-UP,2026-09-15T04:00:00Z,BUY,4306.2,4295.2,4289.1,3.449999999999948,NOT_FOLLOWED
RESOLVED,124266-DN,2026-09-15T04:00:00Z,SELL,4306.2,4295.2,4289.1,3.449999999999948,NOT_FOLLOWED
FIRED,124267-DN,2026-09-15T04:23:00Z,SELL,4307.1,4312.5,4305.5,6.957142857143026,
RESOLVED,124267-DN,2026-09-15T04:38:00Z,SELL,4304.7,4312.5,4305.5,6.957142857143026,BREAKOUT_FOLLOWED
FIRED,124272-DN,2026-09-16T00:33:00Z,SELL,4285.7,4288.1,4284.7,3.350000000000039,
FIRED,124272-UP,2026-09-16T00:40:00Z,BUY,4287.6,4288.1,4284.7,3.350000000000039,
RESOLVED,124272-DN,2026-09-16T00:53:00Z,SELL,4284.6,4288.1,4284.7,3.350000000000039,BREAKOUT_FOLLOWED
FIRED,124272-DN,2026-09-16T01:58:00Z,SELL,4285.3,4288.1,4284.7,3.350000000000039,
RESOLVED,124272-UP,2026-09-16T03:01:00Z,BUY,4329.8,4288.1,4284.7,3.350000000000039,BREAKOUT_FOLLOWED
RESOLVED,124272-DN,2026-09-16T04:00:00Z,SELL,4330.4,4288.1,4284.7,3.350000000000039,NOT_FOLLOWED
FIRED,124279-UP,2026-09-17T04:21:00Z,BUY,4298.3,4300.2,4296.4,11.215714285714252,
RESOLVED,124279-UP,2026-09-17T07:11:00Z,BUY,4321.0,4300.2,4296.4,11.215714285714252,BREAKOUT_FOLLOWED
FIRED,124285-UP,2026-09-18T04:31:00Z,BUY,4358.2,4358.6,4354.1,8.485714285714298,
RESOLVED,124285-UP,2026-09-18T04:32:00Z,BUY,4358.7,4358.6,4354.1,8.485714285714298,BREAKOUT_FOLLOWED
FIRED,124290-DN,2026-09-19T00:48:00Z,SELL,4367.9,4369.7,4367.6,2.0785714285714545,
RESOLVED,124290-DN,2026-09-19T04:00:00Z,SELL,4368.7,4369.7,4367.6,2.0785714285714545,NOT_FOLLOWED
FIRED,124291-UP,2026-09-19T04:40:00Z,BUY,4369.9,4370.0,4368.3,1.3785714285713115,
RESOLVED,124291-UP,2026-09-19T08:00:00Z,BUY,4361.7,4370.0,4368.3,1.3785714285713115,NOT_FOLLOWED
FIRED,124297-UP,2026-09-20T06:06:00Z,BUY,4361.8,4362.0,4360.9,1.2142857142857142,
RESOLVED,124297-UP,2026-09-20T08:00:00Z,BUY,4361.2,4362.0,4360.9,1.2142857142857142,NOT_FOLLOWED
FIRED,124303-DN,2026-09-21T04:59:00Z,SELL,4349.6,4353.9,4349.2,7.8585714285715245,
FIRED,124303-UP,2026-09-21T05:22:00Z,BUY,4352.7,4353.9,4349.2,7.8585714285715245,
RESOLVED,124303-DN,2026-09-21T05:35:00Z,SELL,4348.2,4353.9,4349.2,7.8585714285715245,BREAKOUT_FOLLOWED
RESOLVED,124303-UP,2026-09-21T08:00:00Z,BUY,4340.5,4353.9,4349.2,7.8585714285715245,NOT_FOLLOWED
FIRED,124315-UP,2026-09-23T04:37:00Z,BUY,4344.2,4344.9,4340.8,5.518571428571249,
FIRED,124315-DN,2026-09-23T04:41:00Z,SELL,4342.1,4344.9,4340.8,5.518571428571249,
RESOLVED,124315-DN,2026-09-23T05:03:00Z,SELL,4340.6,4344.9,4340.8,5.518571428571249,BREAKOUT_FOLLOWED
RESOLVED,124315-UP,2026-09-23T08:00:00Z,BUY,4319.0,4344.9,4340.8,5.518571428571249,NOT_FOLLOWED
FIRED,124320-DN,2026-09-24T01:47:00Z,SELL,4289.1,4290.7,4285.9,4.382142857142818,
RESOLVED,124320-DN,2026-09-24T01:50:00Z,SELL,4282.7,4290.7,4285.9,4.382142857142818,BREAKOUT_FOLLOWED
FIRED,124326-UP,2026-09-25T00:24:00Z,BUY,4265.4,4265.7,4260.1,3.6642857142857923,
RESOLVED,124326-UP,2026-09-25T04:00:00Z,BUY,4265.9,4265.7,4260.1,3.6642857142857923,NOT_FOLLOWED
FIRED,124327-UP,2026-09-25T04:26:00Z,BUY,4266.4,4267.5,4263.8,6.471428571428662,
FIRED,124327-DN,2026-09-25T04:50:00Z,SELL,4264.4,4267.5,4263.8,6.471428571428662,
RESOLVED,124327-DN,2026-09-25T04:54:00Z,SELL,4263.6,4267.5,4263.8,6.471428571428662,BREAKOUT_FOLLOWED
FIRED,124327-DN,2026-09-25T05:36:00Z,SELL,4264.4,4267.5,4263.8,6.471428571428662,
RESOLVED,124327-DN,2026-09-25T05:57:00Z,SELL,4263.2,4267.5,4263.8,6.471428571428662,BREAKOUT_FOLLOWED
RESOLVED,124327-UP,2026-09-25T08:00:00Z,BUY,4276.1,4267.5,4263.8,6.471428571428662,NOT_FOLLOWED
FIRED,124332-UP,2026-09-26T00:25:00Z,BUY,4282.8,4283.3,4282.1,2.1600000000001143,
RESOLVED,124332-UP,2026-09-26T04:00:00Z,BUY,4282.9,4283.3,4282.1,2.1600000000001143,NOT_FOLLOWED
